링크,작가,내용,타이틀,할인율,할인된 가격,원본 가격,카테고리,이미지 URL,이미지 파일명
https://product.kyobobook.co.kr/detail/S000216354970,유시민,"혼탁한 정국마다 명료한 통찰을 전하며 ‘신경안정제’ 역할을 해준 우리 시대의 지식인 유시민. 그의 대표작 중 하나로 2009년 처음 출간되어 오랜 시간 사랑받아온 『청춘의 독서』가 고급 양장 제본의 특별증보판으로 독자들과 새롭게 만난다. 존 스튜어트 밀의 『자유론』에 관한 이야기와 특별증보판 서문이 추가됐다. 문장도 전체적으로 손봤다. 『청춘의 독서』는 유시민이 ‘청년 시절 읽었던 고전을 다시 읽어보면 어떨까? 시대도 변하고 나이도 들었으니 뭔가 다르지 않을까?’라는 생각에 손때 묻은 책들을 다시 펴보면서 시작되었다. 어린 시절 아버지의 서재에서 우연히 발견한 『죄와 벌』, 침침한 스탠드 불빛 아래 엎드려 몰래 읽었던 『공산당 선언』, 노무현 전 대통령의 가슴 아픈 마지막을 떠올리게 한 『카타리나 블룸의 잃어버린 명예』, 역사를 바라보는 새로운 눈을 뜨게 한 『역사란 무엇인가』 그리고 21세기가 된 지 한참이 지난 지금 다시 자유의 가치를 떠올리게 한 『자유론』까지. 누구보다 뜨거웠던 청년 유시민을 만든 원천이자, 오늘의 유시민이 자신뿐만 아니라 우리에게 던지는 질문에 대한 답을 품고 있는 책이기도 하다. “사람들은 왜 모두 부자가 되고 싶어 할까?”, “인간은 원래 이기적인 존재일까?”, “내 머리로 생각한다는 것은 과연 무엇일까?”, “사실은 어떻게 왜곡되는가?” 그리고 “어떻게 살아야 할까?” 문명의 역사에 거대한 이정표를 세운 15권의 위대한 책들. 그 안에는 앞서 살다 간 이들의 고민과 답이 담겨 있다. 『청춘의 독서』를 통해 그들이 남긴 발자취를 따라가다 보면 오늘을 사는 지혜를 배우고 더 나은 내일을 그리는 가슴 벅찬 경험을 하게 될 것이다.",청춘의 독서(특별증보판),10%,"17,010원","18,900원",인문,https://contents.kyobobook.co.kr/sih/fit-in/458x0/pdt/9788901294742.jpg,9788901294742.jpg
https://product.kyobobook.co.kr/detail/S000216122857,김영하,"『여행의 이유』 이후 6년 만의 신작 산문 -오직 한 번만 쓸 수 있는, 나의 삶에 대하여 김영하가 신작 산문 『단 한 번의 삶』을 출간했다. 60만 명이 넘는 독자의 사랑을 받은 『여행의 이유』 이후 6년 만에 선보이는 산문집으로, 유료 이메일 구독 서비스 ‘영하의 날씨’에 2024년 연재되었던 글을 대폭 수정하고 다듬어 묶었다. ‘영하의 날씨’는 초기 구독자의 초대로만 가입이 가능한 서비스로 화제를 모으며 연재 당시 뜨거운 호응을 얻었다. 『단 한 번의 삶』은 작가의 지난 산문들보다 더 사적이고 한층 내밀하다. 김영하는 ‘작가 김영하’에서 벗어나, 한 번뿐인 삶을 살아가는 우리 가운데 한 사람으로서 가만히 말을 건넨다. 열네 편의 이야기에 담긴 진솔한 가족사와 직접 경험한 인생의 순간을 아우르는 깊은 사유는 우리를 멈춰 생각하게 한다. 우리는 얼마나 서로를, 그리고 자신을 모르고 살아가는가. 생각은 하나의 질문으로 수렴된다. 내 앞에 놓인 삶을 어떻게 살아가야 할까. 이 책은 독자들에게 쉬운 위로나 뻔한 조언을 건네지 않는다. 대신 담담히 풀어낸 솔직한 경험과 고민을 통해 독자들이 자신의 삶을 되돌아보게 만든다. 『단 한 번의 삶』과 함께, 두고 온 시절에서 발견한 자기 삶의 장면들을 기록해보길 권한다. “원래 나는 ‘인생 사용법’이라는 호기로운 제목으로 원고를 쓰기 시작했다. 하지만 곧 내가 인생에 대해서 자신 있게 할 말이 별로 없다는 것을 깨달았다. 내가 알고 있는 것은 그저 내게 ‘단 한 번의 삶’이 주어졌다는 것뿐.”",단 한 번의 삶,10%,"15,120원","16,800원",시/에세이,https://contents.kyobobook.co.kr/sih/fit-in/458x0/pdt/9791191114768.jpg,9791191114768.jpg
https://product.kyobobook.co.kr/detail/S000216361656,한강,"“역사적 트라우마를 정면으로 마주하고 인간 삶의 연약함을 드러내는 강렬하고 시적인 산문”이라는 선정 이유와 함께 2024년 노벨문학상을 수상한 작가 한강의 신작 『빛과 실』(2025)이 문학과지성사 산문 시리즈 〈문지 에크리〉의 아홉번째 책으로 출간되었다. 노벨문학상 수상 강연문 「빛과 실」(2024)을 포함해 미발표 시와 산문, 그리고 작가가 자신의 온전한 최초의 집으로 ‘북향 방’과 ‘정원’을 얻고서 써낸 일기까지 총 열두 꼭지의 글이, 역시 작가가 기록한 사진들과 함께 묶였다. 삼십 년 넘게 ‘쓰는 사람’의 정체성으로, “세계는 왜 이토록 폭력적이고 고통스러운가? 동시에 세계는 어떻게 이렇게 아름다운가?”라는 “두 질문 사이의 긴장과 내적 투쟁”을 글쓰기의 동력으로 삼아온 작가가 그 숱한 질문들 속 “가장 깊은 겹”이 “언제나 사랑을 향하고” 있던 게 아닐까, 그것이 바로 “내 삶의 가장 오래고 근원적인 배음”(29쪽)이 아닐까 묻고 답하기까지, 시차를 두고 쓰인 시와 산문, 일기와 사진이 새롭게 제 자리를 잡았다. “북향의 사람”(「북향 방」)으로 읽고 쓰는 동안, 종일 빛이 들지 않는 정원에 음지에서도 견뎌내는 식물들의 뿌리를 내리고 탁상용 거울 여러 개의 방향을 옮겨가며 햇빛을 붙드는 작가의 작고도 간절한 일상을 따라 읽다 보면 자연스럽게 다음의 구절이 떠오른다. “이 행성에 깃들인 사람들과 생명체들의 일인칭을 끈질기게 상상하는, 끝끝내 우리를 연결하는 언어를 다루는 문학에는 필연적으로 체온이 깃들어 있습니다.”(34쪽) “글쓰기가 나를 밀고 생명 쪽으로 갔을 뿐이다.”(57쪽)라고 작가는 말했다. 책장을 넘기면 흑면과 백면이 교차하며 맞닿은 글과 이미지가 서로에게 스미고 또 끌어당기며 작가의 방과 정원에 깃드는 빛과 그림자를, 이어지는 작가의 낮과 밤을 읽는 이로 하여금 좇게 만든다. 멀게는 사십여 년 전 유년의 기억이 저장된 중철 제본 노트에서 시작된 사랑, 따뜻한 생명에 대한 의문과 갈구가, 가깝게는 코로나19-팬데믹에 휩싸인 2020~2024년 북향의 방과 정원에서 “보고 듣고 냄새 맡고 맛보고 부드러움과 온기와 차가움과 통증을 느끼는” “그 생생한 감각들”이 일기와 산문 속에서 오롯하다. “햇빛이 잎사귀들을 통과할 때 생겨나는 투명한 연둣빛이 있다. 그걸 볼 때마다 내가 느끼는 특유의 감각이 있다. 식물과 공생해온 인간의 유전자에 새겨진 것이리라 짐작되는, 거의 근원적이라고 느껴지는 기쁨의 감각이다.”(「북향 정원」, 95쪽) 여기, ‘시적인 산문’이란 한강의 언어가 ‘경계 없는 글쓰기’라는 형식과 만났을 때 비로소 우리가 마주하게 된 세계는 생명의 경이와 눈부신 빛으로 가득하다.",빛과 실,10%,"13,500원","15,000원",시/에세이,https://contents.kyobobook.co.kr/sih/fit-in/458x0/pdt/9788932043562.jpg,9788932043562.jpg
https://product.kyobobook.co.kr/detail/S000216262757,이재명,"《결국 국민이 합니다》는 2024년 12월 3일 ‘내란의 밤’부터 윤석열 대통령 탄핵소추안 가결, 2025년 4월 4일 헌재의 파면 선고까지 숨가빴던 순간들의 ‘막전막후’를 이재명의 시선으로 들여다본다. 비상계엄이 선포되고 국회로 달려가면서 유튜브 라이브 방송을 하게 된 이유, 국회 담을 넘고 본회의장으로 진입하기까지 숨 막혔던 순간들, 비상계엄 해제안 가결, 미국의 오판을 막기 위한 물밑 접촉, 국회 탄핵소추안 가결 후 ‘응원봉 집회’에서 흘린 이재명의 눈물까지 생생한 현장의 숨결을 느낄 수 있다. 2024년 1월 예상치 못한 피습으로 목숨을 잃을 뻔했으나 기적의 확률로 살아난 이야기, ‘소년공’ 출신 이재명의 인생항로와 정치 역정, 당대표직에 대한 소회, ‘정치란 무엇인가’라는 근본적인 물음까지 솔직담백하게 털어놓는다. “정치는 정치인이 하는 것 같아도 결국 국민이 하는 것입니다.” 이 말은 이재명이 늘 가슴에 새기고 다니는 경구이자 다짐이다. 과거를 후회하지 말고 미래에 집중해야 한다는 이재명에게 지금 대한민국의 위기는 기회이기도 하다. 그가 설계하고 있는 대한민국의 ‘회복과 성장’ 프로젝트, ‘대화와 포용’의 정치는 과연 어떤 것일까. 《결국 국민이 합니다》를 통해 그 이야기를 자세히 들려준다.",결국 국민이 합니다,10%,"19,800원","22,000원",정치/사회,https://contents.kyobobook.co.kr/sih/fit-in/458x0/pdt/9788997780624.jpg,9788997780624.jpg
https://product.kyobobook.co.kr/detail/S000216399884,폴 포돌스키,"《부의 전략 수업》은 헤지펀드의 대부인 레이 달리오가 주목한 월스트리트의 새로운 자수성가 아이콘, 폴 포돌스키의 부에 관한 예리하고 실전적인 내용을 담은 책이다. 우리는 모두 부를 원하지만, 그것은 얻기 쉽지 않다. 하루가 다르게 빠르게 변화하는 세계는 투자를 불확실하게 만들고, 끊임없이 변하는 자산의 가치는 미래를 예측하기 힘들게 만든다. 그리고 이 불안은 돈이 많아질수록 오히려 더 커진다. 더 벌고 싶다는 우리의 욕망도 끝이 없고, 만족은 점점 멀어진다. 이제 문제는 돈 자체가 아니라, 돈을 대하는 우리의 태도다. 《부의 전략 수업》은 일확천금이 아닌 지속 가능한 부를 만드는 방법을 탐구한다. 돈이 우리의 삶을 어떻게 지배하는지, 그리고 우리가 어떻게 돈의 주인이 될 수 있는지를 보여준다. 단순히 돈을 버는 것을 넘어, 돈을 다루는 법과 부를 유지하는 전략을 전한다. 이 책은 재테크 기술을 넘어, 돈과 삶을 바라보는 근본적인 시각을 변화시킨다. 경제적 자유를 이루는 핵심 원리와 실전 전략을 통해, 독자는 돈에 휘둘리는 사람이 아닌 돈을 통제하는 사람이 될 수 있다. 지속 가능한 부를 원하는가? 그렇다면 이제, 돈을 보는 시선을 바꿔야 한다.",부의 전략 수업,10%,"17,820원","19,800원",경제/경영,https://contents.kyobobook.co.kr/sih/fit-in/458x0/pdt/9791193262474.jpg,9791193262474.jpg
https://product.kyobobook.co.kr/detail/S000216362417,최강욱 외,"위헌적 계엄과 탄핵, 대통령 파면을 넘어 조기 대선 정국에 들어선 대한민국은 다시 보수와 진보, 우파와 좌파 간의 치열한 전장이 되었다. 정치와 개혁의 최전선에서 활약하다 지금은 잠시 디지털 크리에이터(유튜버)로서 대중과 만나고 있는 최강욱 전 의원. 다양한 매체에서 촌철살인의 정치 평론을 선보이는 그에게 정치학을 전공한 동생 최강혁은 자주 당부했다. “건강한 보수의 성장을 위해서, 누군가는 보수의 가치와 장점을 계속 말해야 한다”고. 지금 우리 사회에는 그 어느 때보다 상대 진영을 향한 증오의 언어가 난무하고 있다. 적대적 공생관계를 이어 가는 극단적 대결 구도도 점점 심화되고 있다. ‘최강 형제’는 우리 정치가 갈라치기와 혐오에서 벗어나 화합과 연대로 나아가기 위해서는 보수와 진보가 서로에 대해 잘 알아야만 한다고 여겼고, 이를 도와줄 수 있는 쉽고 친절한 정치 교양서를 함께 써 보기로 했다. 신간 《이로운 보수 의로운 진보》는 생생한 정치 현장을 온몸으로 겪어 온 정치인이자 법률가인 형 최강욱, 정치에 대한 깊은 관심과 이론적 역량으로 무장한 동생 최강혁이 의기투합하여 만들어 낸 결과물이다. 이 책에는 보수 성향의 ‘봉수 씨’와 진보 성향의 ‘진봉 씨’라는 50대 동갑내기 가상 인물이 등장한다. 이들의 대비되는 삶의 모습과 가치관은 보수와 진보의 세계관, 정치적 입장 차이를 극명하게 드러내 준다. 총 4부로 구성된 이 책의 1부 ‘보수와 진보의 위대한 탄생’에서는 ‘보수·진보’ ‘우파·좌파’ 개념이 어떻게 생겨났고 발전해 왔는지를 세계사적 배경, 프랑스혁명의 전개 과정 속에서 살펴본다. 2부 ‘보수와 진보는 어떻게 세상을 바라볼까’에서는 ‘봉수 씨’와 ‘진봉 씨’가 각 주제를 놓고 치열한 논쟁을 벌이고, 〈다크 나이트〉 〈킹스맨〉 〈기생충〉 〈죽은 시인의 사회〉 〈머니볼〉 〈설국열차〉 〈두 교황〉 등 익숙한 대중문화 콘텐츠를 통해 보수와 진보의 특징과 차이를 보여 준다. 지극히 일상 친화적이고 친절한 스토리텔링이어서 누구나 쉽게 내용의 흐름에 올라탈 수 있다. 3부 ‘혐오와 배척이 아닌 화합과 연대를 위해’에서는 가난과 빈부 격차, 평등과 복지, 능력주의와 학벌, LGBTQ, 낙태와 사형, 태극기부대와 키세스 시위대, 빈곤층의 보수성 등 우리 사회를 뜨겁게 달구는 이슈들에 대한 보수와 진보의 입장 차이, 각자가 추구하는 가치가 무엇이고 세상을 대하는 마음과 태도는 서로 어떻게 다른지를 알아본다. 마지막으로 4부 ‘이상적인 정치의 모델’에서는 이로운 보수의 모델로 독일의 앙겔라 메르켈 총리를, 의로운 진보의 모델로 미국의 버락 오바마 대통령을 소개하며, 우리나라에서 보수와 진보의 개념이 달라진 이유와 함께 진짜 보수정당과 새로운 진보정당 탄생에 대한 저자들의 기대를 이야기한다. 바람직한 정치와 민주주의에 대한 관심이 다시 커지고 있다. 각자의 가치관과 정치적 성향 차이가 어디서 비롯된 것인지 모른 채 ‘무지성’으로 보수·진보를 지지하거나 배척하는 경우가 많다. 정치적 양극화가 심한 한국 사회에서는 특히, 자신과 다른 이념적 위치에 있는 이들을 적극적으로 이해하려고 노력할 때 비로소 진정한 사회 통합과 민주주의의 성숙이 가능해질 것이다. 그런 맥락에서 이 책은 특히 청소년과 청년처럼 아직 정치적 가치관이 정립되지 않은 세대에게 보다 균형 잡힌 지식과 시각을 선사한다. 중장년 독자에게는 오래도록 관철해 온 자신의 정치적 입장을 새삼 성찰해 볼 기회, 남들에게 내가 왜 보수(또는 진보)인지 자신 있게 설명할 수 있는 넉넉한 근거를 제공한다.",이로운 보수 의로운 진보,10%,"18,000원","20,000원",정치/사회,https://contents.kyobobook.co.kr/sih/fit-in/458x0/pdt/9791172132477.jpg,9791172132477.jpg
https://product.kyobobook.co.kr/detail/S000216375315,이현수,"고대 구로병원 정신건강의학과에서 20년, 임상 현장에서 10년, 수많은 이의 마음을 다독여온 이현수 심리학 박사의 신작이 출간되었다. 이번 신작은 인생의 중반기를 지나는 이들을 위한 희망과 위안의 ‘인생 전환’ 심리 수업이다. 우리는 성장기에 열심히 배움에 정진하고 최선을 다하면, 중반기에는 전성기에 달해 인생을 여유롭게 맛보는 시간이 주어질 줄 안다. 그러나 예상치도 못한 깔딱고개다. ‘내 능력이 이것밖에 안 되었나?’ ‘내가 이렇게 소심하고 배짱이 없었나’ 하는 생각이 매일같이 밀려든다. 저자 역시 그랬다. 평탄할 줄 알았으나 예상과 달리 무척이나 버거운 시기를 지나왔다. 그래도 심리학을 전공한 업 때문에라도 조금이나마 이 시기를 잘 지나갈 방법이 있을 거라 믿으며 부단히 찾고 모았다. 그러한 개인적 경험과 전문가로서의 성찰을 녹여 이 책 『당신은 언제나 괜찮다』에 모두 담았다. 책은 인생 3분기에 갑자기 찾아온 신체적·심리적 대소동의 원인을 살피고, 소동을 진화할 방법을 찾도록 도와준다. ‘컴포트 존’을 확보하여 삶을 안정화하는 법을 소개하고, 인생 만족지수 지표인 ‘해피니스 커브’의 상승선에 빠르게 올라타 제2차 황금기를 맞이할 수 있는 기회 또한 열어준다. 책에 담긴 조언과 안내를 성실히 따라가다 보면, 텅 비어버린 자아를 다시 채울 소중한 보물들을 다시 찾을 수 있을 것이다. 살아가는 한 여전히 이것저것 참 많이 흔들리고 힘든 시간을 맞이하겠지만, 그럼에도 끝까지 스스로를 사랑하고 포기하지 않는다면 당신은 언제나 괜찮을 것이다.",당신은 언제나 괜찮다,10%,"17,820원","19,800원",인문,https://contents.kyobobook.co.kr/sih/fit-in/458x0/pdt/9791193937617.jpg,9791193937617.jpg
https://product.kyobobook.co.kr/detail/S000215103474,전승환,"전국 서점 인문 베스트셀러 1위, 교보문고·예스24 선정 ‘올해의 책’, 250만 독자의 사랑을 받는 ‘책 읽어주는 남자’ 전승환의 인문 에세이 『내가 원하는 것을 나도 모를 때』 개정증보판이 출간 5주년과 30만 부 판매를 기념하여 새로 출간되었다. 그저 하루하루 정신없이 살아내느라 자신이 정말 원하는 게 뭔지도 모른 채 무기력해진 이들에게 가슴 따뜻한 위로와 용기를 건넨 책은, 출간 직후 “앞이 깜깜해졌을 때 길을 열어준 책” “타인의 시선에서 벗어날 수 있게 해준 책” “깊은 위안으로 눈물을 멈추지 않게 한 책”이라는 찬사를 받으며 SNS에서 큰 화제를 불러일으켰고, 온·오프라인 독서모임의 수많은 독서광 사이에서도 극찬을 받으며 추천 릴레이가 이어졌다. 일본·중국·대만·인도네시아·베트남·태국 등 해외 6개국에 동시 수출되며 세계의 독자들로부터도 폭넓게 사랑받았을 뿐 아니라, 국내 주요 서점들에서 최장 기간 인문 베스트셀러 1위를 지키며 한 해 동안 가장 많이 사랑받은 ‘올해의 책’으로 꼽히기도 했다. 책은 인문, 동서양 고전, 철학, 역사, 시, 소설, 에세이 등 여러 분야를 관통하며 인생에 대한 진솔한 통찰과 지혜를 전할 뿐만 아니라, 저자가 삶의 방향을 잃고 헤맬 때 다시 일어설 용기와 앞으로 나아갈 힘을 준 150여 편의 ‘인생 문장들’을 소개하며 독자와 함께 이야기 나눈다. 내면을 차분히 들여다보며 내가 정말 원하는 게 뭔지, 앞으로 어떻게 살아야 할지 끊임없이 질문을 던지며 해답을 찾아나간다. 2025년 개정증보판에서는 ‘희망’과 ‘바람’을 키워드로 한 챕터를 추가 구성하여, 자신을 들여다보는 것에서 한 걸음 더 나아가 내가 바라는 나가 되기 위한 노력의 과정을 새로 들려준다. 내 마음의 진짜 목소리로 삶을 진실되고 풍성하게 채우려는 시도들과, 이로 인한 크고 작은 변화가 쌓이며 삶의 색이 점점 더 밝아지는 저자의 경이로운 경험들, 그리고 그 과정에서 저자를 북돋고 독려했던 문장들이 추가되었다. 뿐만 아니라, 마음에 위안과 평화를 주는 삽화를 새로 수록하여 지쳐 있는 독자의 눈을 밝힌다. 삶을 긍정으로 바꾸는 저자의 새로운 이야기에 귀 기울이다 보면, 독자들도 자신만의 속도로 삶의 빛을 찾아가는 방법을 선명히 깨우치게 될 것이다.",내가 원하는 것을 나도 모를 때,10%,"19,800원","22,000원",인문,https://contents.kyobobook.co.kr/sih/fit-in/458x0/pdt/9791193937150.jpg,9791193937150.jpg
https://product.kyobobook.co.kr/detail/S000216513214,장성락(REDICE STUDIO),"최약체에서 최강 헌터로, 세상의 중심에 서다! 카카오페이지에서 연일 화제를 모으며, 폭발적 인기 속에 연재를 마친 장성락(REDICE STUDIO) 만화, 추공 원작, 현군 각색 『만화 나 혼자만 레벨업』 단행본 13권이 출간된다. 대망의 본편 완결이라는 점에서 더욱 뜻깊다. 『만화 나 혼자만 레벨업』은 글로벌 플랫폼 웹툰 연재로 세계 각국에 팬덤이 형성될 만큼 완성도와 재미, 콘텐츠로서의 저력을 입증한 작품이다. 또한 압도적인 인기에 힘입어 국내 단행본 출간 이전 독일, 프랑스 등지에 선수출되었으며, 뒤를 이어 세계 각국에서 수출 릴레이를 이어가는 중이다. 단행본은 본문 전면 재연출을 거쳐 넉넉한 판형으로 출간되어, 모바일 감상과는 또 다른 ‘나혼렙’ 액션신의 쾌감을 100% 만끽할 수 있다. 한 화 읽고 나면 정신을 차릴 수 없이 빠져드는 레이드 액션의 진수! 돈 없고, 빽 없고, 능력 없는 사상 최약체 E급 헌터, 성진우의 화려한 부활, 그리고 레벨업이 시작된다!",나 혼자만 레벨업 14(한정판),10%,"34,200원","38,000원",만화,https://contents.kyobobook.co.kr/sih/fit-in/458x0/pdt/9791173820342.jpg,9791173820342.jpg
https://product.kyobobook.co.kr/detail/S000216393109,제이슨 솅커,"""신냉전의 전장에 선 지금, 준비할 것인가, 당할 것인가."" 혼돈의 시대, 전략은 선택이 아니라 생존이다! “전쟁은 시작됐다. 제이슨 솅커는 그 전장의 지도를 우리 손에 쥐여 준다.” _《포브스》 지금, 전 세계는 생존을 건 제2차 냉전에 돌입했다. 과거 냉전과는 차원이 다르다. 국가 간 물리적 충돌 대신 공급망은 무기화되고 기술이 국경을 대신하며, 정보와 데이터가 전장의 중심이 되는 새로운 전쟁이 펼쳐지고 있다. 작가 제이슨 솅커는 블룸버그가 선정한 세계 1위 미래 전략가다. 미국 국방성, 국무부, 나토, CIA, 연방준비제도이사회 등 다양한 정부·국제 기구·민간 부문에서 전략 자문가로 활동하며 1,200회 이상 기조연설을 해왔다. 그는 코로나19로 전 세계가 극심한 불확실성에 휩싸였을 때 『코로나 이후의 세계』를 통해 위기를 기회로 바꾸는 방향을 제시하며 주목받았다. 그리고 2025년 들어 더욱 격화되는 신냉전 상황에서 그는 이 책 『제2차 냉전 시대』로 다시 한번 예리한 통찰과 전략적 시각을 보이며 전례 없는 글로벌 갈등의 실체를 날카롭게 해부한다. 미국과 중국, 러시아, 이란, 북한을 중심으로 형성된 양극 체제는 더 이상 ‘강대국 경쟁’만이 아니다. 그것은 이미 구조화된 냉전 질서이며, 우리가 매일 마주하는 경제적ㆍ기술적ㆍ안보적 혼란의 원인이기도 하다. 작가는 말한다. 이 전쟁은 더 이상 탱크와 미사일로만 이루어지지 않는다고. 이제 전장을 지배하는 것은 반도체, 에너지, 희토류, 알고리즘 그리고 AI 기반의 허위 정보다. 국가 간 경제가 긴밀히 연결된 시대, 공급망을 끊고 기술을 차단하는 것이 곧 적국을 무너뜨리는 가장 강력한 전략이 되었다. 이 책에서 그는 관세가 경제적 방패이자 칼이 되는 구조, 사이버전이 국가 안보의 중심으로 부상한 현실, 그리고 기술 패권을 둘러싼 양극화된 세계를 조망한다. 작가는 신냉전이라는 시대상을 통해 공포를 부추기려는 것이 아니라 이 복합적 갈등을 헤쳐나가기 위한 전략적 시나리오를 제시한다. 기업, 정부, 군, 개인 모두가 ‘미래를 사고하는 법’을 익히고, 그에 맞춰 조직의 구조와 사고방식을 재설계해야 한다. 이제 경제 안보, 사이버 방어, 기술 주권, 공급망 회복 탄력성은 선택이 아니라 생존의 기준이다. 『제2차 냉전 시대』는 예언이 아니다. 이는 선언이자 현실이며, 동시에 행동을 요구하는 전략서다. 이 책은 당신이 어떤 위치에 있든, 이 냉전의 한복판에 서 있다는 사실을 일깨운다. 그리고 그 전장의 지도를 건네준다. 이제 선택은 당신의 몫이다. 준비할 것인가, 무방비로 당할 것인가.",제2차 냉전 시대,10%,"16,020원","17,800원",경제/경영,https://contents.kyobobook.co.kr/sih/fit-in/458x0/pdt/9791194156185.jpg,9791194156185.jpg
https://product.kyobobook.co.kr/detail/S000001632467,양귀자,"양귀자 소설의 힘을 보여준 베스트셀러 『모순』. 1998년에 초판이 출간된 이후 132쇄를 찍으며 여전히 많은 사랑을 받고 있는 작품을, 오래도록 소장할 수 있는 양장본으로 새롭게 선보인다. 스물다섯 살 미혼여성 안진진을 통해 모순으로 가득한 우리의 인생을 들여다본다. 작가 특유의 섬세한 문장들로 여러 인물들의 삶을 생생하게 그려내고 있다. 시장에서 내복을 팔고 있는 억척스런 어머니와 행방불명 상태로 떠돌다 가끔씩 귀가하는 아버지, 조폭의 보스가 인생의 꿈인 남동생을 가족으로 둔 안진진. 어머니와 일란성 쌍둥이인 이모는 부유하지만 지루한 삶에 지쳐 있고, 가난한 어머니는 처리해야 할 불행들이 많아 지루할 틈이 없다. 안진진은 사뭇 다른 어머니와 이모의 삶을 바라보며 모순투성이인 삶을 어떻게 이해해야 하는지 고민하기 시작하는데….",모순,10%,"11,700원","13,000원",소설,https://contents.kyobobook.co.kr/sih/fit-in/458x0/pdt/9788998441012.jpg,9788998441012.jpg
https://product.kyobobook.co.kr/detail/S000212414274,쇼펜하우어,"독자들에게 쇼펜하우어의 철학을 쉽게 접근하고 이해할 수 있는 방법을 제공하며, 그의 철학적인 사고를 배경으로 한 다양한 주제들을 현대적으로 다룬 책입니다. 이를 통해 독자들은 자신의 삶과 인생의 의미에 대해 깊이 생각하고, 쇼펜하우어의 철학을 통해 새로운 관점을 얻을 수 있을 것입니다.",쇼펜하우어 인생수업: 한 번뿐인 삶 이렇게 살아라(리커버 에디션),10%,"15,750원","17,500원",인문,https://contents.kyobobook.co.kr/sih/fit-in/458x0/pdt/9791193282045.jpg,9791193282045.jpg
https://product.kyobobook.co.kr/detail/S000214453032,태수,"《1cm 다이빙》, 《홈 in 홈》으로 많은 사랑을 받았던 에세이스트 태수가 2년 만의 신작 《어른의 행복은 조용하다》로 돌아왔다. 이번 신작에서 저자 태수는 그동안 선보였던 이야기보다 한층 성숙하고 현명하게 삶의 행복에 가까워지는 방법에 대해 이야기한다. 새로운 것, 짜릿한 것, 남들보다 높은 곳에서 행복하고 싶어 발버둥치는 사람들에게 행복은 꼭 그런 데에만 있는 게 아니라 불행해지지 않는 것에서부터 출발한다고 조용히 알려준다. 《어른의 행복은 조용하다》는 요란한 세상에서도 흔들리지 않고 내 삶을 살아가는 튼튼하고 단단한 태도에 대해 말한다. 시끌벅적 기쁜 일을 찾아다니기보다도, 울 일이 없고 별다른 나쁜 일이 없는 하루를 만들어야 한다고 강조한다. 그랬을 때에야 진정한 행복이 우리 곁에 온다는 사실을 다시 한번 일깨워준다. 이 책을 먼저 읽은 독자들의 반응 역시 뜨겁다. “울고 싶어지는 날이면 태수 작가의 글을 찾는다. 충분히 울고 다시 나아가기 위해”, “〈불편한 편의점〉 이후로 오랜만에 끝나지 않길 바라던 책”이라며 극찬하고, SNS에서 선보인 선공개 원고에도 빨리 책으로 출간해달라는 요청이 쇄도했다. 이제 당신 차례다. 《어른의 행복은 조용하다》를 읽고 현명하게 행복해질 수 있다. 혹자는 여전히 의심스러운 목소리로 그토록 조용한 인생에서도 행복을 발견할 수 있냐고 묻지만 저자는 확신에 찬 목소리로 단호하게 답한다. “물론”이라고.",어른의 행복은 조용하다,10%,"16,020원","17,800원",시/에세이,https://contents.kyobobook.co.kr/sih/fit-in/458x0/pdt/9791169851053.jpg,9791169851053.jpg
https://product.kyobobook.co.kr/detail/S000216465663,스티븐 위트,"엔비디아, 지난 몇 년간 주식 시장을 뜨겁게 달군 주역이자, 이제는 이 기업을 빼고는 AI 기술을 논하기 어려울 정도로 거대한 영향력을 행사하고 있는 기업이다. 하지만 이 기업에 대한 대중의 이해는 어느 정도일까? 사실 우리가 매일 사용하고 있는 챗GPT 같은 기술은 엔비디아의 기술이 없었다면 아직 실현되지 못했을 것이고, 사람들도 여전히 ‘엔비디아가 무슨 회사인가요?’라고 말했을 게 분명하다. 현대 인공지능의 발전 역사는 엔비디아의 기술 혁신과 정비례한다고 해도 과언이 아니다. 엔비디아의 CEO 젠슨 황은 모두가 외면하던 시절부터 일찌감치 AI 시대를 내다보고 한 걸음 앞서 연구개발에 전폭적으로 투자했다. 회사가 망할 위기에 처했을 때도, 절대 그에 대한 신념만큼은 꺾지 않았다. 그리고 덕분에 그들은 이 시장에서 누구도 따라붙을 수 없을 만큼 독보적인 위치를 차지하며, 시장을 독점하고 있다. 어떻게 젠슨 황은 미래를 먼저 내다볼 수 있었을까? 모두가 안 된다고 말하던 병렬 컴퓨팅과 신경망 기술에 투자할 수 있었을까? 《엔비디아 젠슨 황, 생각하는 기계》는 현대 AI 발전의 역사를 써 내려간 엔비디아와 젠슨 황의 모든 인사이트를 담은 책이다. 〈뉴요커〉 기자인 저자는 젠슨 황의 요청으로 이 책을 집필하기 시작했고, 3년간 젠슨 황을 밀착 취재하고, 엔비디아의 핵심 관계자 300여 명을 인터뷰해 엔비디아의 심장인 젠슨 황의 비전, 리더십, 경영 철학은 물론 인간적인 면모까지 속속들이 보여준다. 스마트폰 시대는 스티브 잡스가 열었고, 전기차 시대는 일론 머스크가 열었다면, 오늘의 AI 시대와 향후 우리가 마주할 놀라운 세상은 바로 젠슨 황이 만들어간다는 평가를 받는 젠슨 황의 전 세계 최초 공식 자서전이다.","엔비디아 젠슨 황, 생각하는 기계",10%,"25,200원","28,000원",경제/경영,https://contents.kyobobook.co.kr/sih/fit-in/458x0/pdt/9788925573762.jpg,9788925573762.jpg
https://product.kyobobook.co.kr/detail/S000216467581,이지연,"지금 우리는 ‘성장’ 중심의 비즈니스 사고에서 ‘확장’ 중심의 전략 설계로 전환해야 하는 시대에 살고 있다. 이 책은 비즈니스의 확장 가능한 영역과 전략을 설계할 수 있는 구체적인 방법을 제시하며, 단순한 동기부여를 넘어 실제 비즈니스에서 즉시 실행 가능한 로드맵과 체크리스트를 제공한다. 혼자 일하던 사람, 반복되는 매출 구조에 지친 CEO, 협업을 통해 새로운 판을 만들고 싶은 전문가들에게 필요한 전략서다.",성장은 착각이다,10%,"17,820원","19,800원",경제/경영,https://contents.kyobobook.co.kr/sih/fit-in/458x0/pdt/9791190227605.jpg,9791190227605.jpg
https://product.kyobobook.co.kr/detail/S000216375023,최영준,"말을 잘하는 것은 단순한 기술이 아니라, 인생을 바꾸는 강력한 도구다. 하지만 수많은 ‘말하기 책’에서 정작 실생활에서 활용할 수 있는 실질적인 가이드를 찾기란 쉽지 않다. 대개 형식적인 화법 이론을 나열하거나 유명 강연가의 사례를 소개하는 데 그치기 때문이다. 그러나 이 책은 다르다. 직접 ‘말’로 자신의 길을 개척하고, 이를 통해 청년 벤처 사업가로 성공의 길을 열어가는 저자가 쓴 책이기 때문이다. 이 책의 저자 최영준은 친환경 기업 바이웨이스트(Byewaste)를 설립해 폐기물을 업사이클링하는 혁신적인 사업을 전개하고 있다. 또한, 진로 교육 회사의 프리랜서 수석 강사로서 100회 이상의 강연을 진행하며 ‘말하기’를 통해 사람을 설득하고 관계를 구축하는 법을 연구해 왔다. 단순히 말하기 전문가가 아니라, 직접 말로써 기회를 만들어 온 사업가이자 강연자로서, 그는 이 책을 통해 누구나 쉽게 익히고 실천할 수 있는 말하기 기술을 전하는 데 집중한다. 인생의 기회는 말에서 시작된다고 믿기 때문이다. 말을 바꾸면 인생이 바뀐다! 이 책은 ‘듣기, 사고하기, 말하기’라는 소통의 세 가지 핵심 요소를 기반으로 한다. 많은 말하기 책이 화려한 표현법이나 논리적 구성에 집중하는 반면, 이 책은 대화의 본질을 파고든다. 상대방의 마음을 여는 공감과 경청의 기술, 비즈니스와 일상에서 적용할 수 있는 신뢰를 쌓는 대화법, 그리고 논리와 감성을 균형 있게 활용하는 설득의 원리까지 말하기의 모든 핵심을 담고 있다. 저자가 직접 경험한 수많은 사례와 다양한 예시를 바탕으로 한 이 책은, 말하기를 통해 더 많은 기회를 만들고 마침내 인생을 바꾸고 싶은 사람들에게 최고의 실용서가 될 것이다.",인생을 바꾸는 대화의 기술,10%,"16,920원","18,800원",자기계발,https://contents.kyobobook.co.kr/sih/fit-in/458x0/pdt/9791194156154.jpg,9791194156154.jpg
https://product.kyobobook.co.kr/detail/S000215011725,최태성,"〈2025 큰별쌤 최태성의 별별한국사 기출 500제 한국사능력검정시험 심화(1,2,3급)〉는 2024년 72회 시험부터 2023년 63회 시험까지 최신 기출문제 10회분, 총 500문항으로 구성되었습니다. '기출 BOOK'은 실제 시험지를 그대로 구현하여 실전과 같은 문제풀이가 가능하며, '해설 BOOK'은 모든 선택지의 자세한 해설뿐만 아니라 기출 선택지와 핵심 내용도 수록하여 중요 개념을 반복적으로 학습할 수 있어 한 권으로 기출문제 풀이뿐만 아니라 개념까지 다질 수 있습니다. ▣ 제시된 이미지는 책의 뒷표지입니다. 〈2025 큰별쌤 최태성의 별별한국사 기출 500제 한국사능력검정시험 심화(1,2,3급)〉의 앞표지는 사랑의 열매 기부에 함께 해주신 최태성 1, 2TV 별님들로 구성하였습니다.","2025 큰별쌤 최태성의 별별한국사 기출 500제 한국사능력검정시험 심화(1,2,3급)",10%,"17,550원","19,500원",인문,https://contents.kyobobook.co.kr/sih/fit-in/458x0/pdt/9791138928144.jpg,9791138928144.jpg
https://product.kyobobook.co.kr/detail/S000213310247,코이케 류노스케,"인내심을 가져라. 모든 것은 적당한 때에 결국, 네게 올 테니. 언젠가 너는 네가 있어야 할 곳에서 너와 함께할 운명인 사람과 네가 해야 할 일을 하며 살게 될 것이다. 「부처」 2500년 동안 사람들에게 사랑받으며 회자되어 온 부처의 말을 코이케 류노스케 스님이 현대어로 재해석해 책으로 출간했다. 간결하게 축약된 핵심만을 담은 부처의 메시지는, 마음이 약해지고 어려움에 처한 사람들에게 힘과 용기를 불어넣어 준다. 부처의 말이 간결하듯 이 책의 기획 의도 역시 매우 단순하다. 저자는 서문에 독자들이 이 책을 손에 들고 어디를 펼치더라도 그곳에 적힌 부처의 말이 스르륵 마음을 물들이고, 어느 순간 그 속에서 기분 좋은 바람이 일어나 더 좋은 방향으로 이끌어 주길 바란다고 썼다. 독일의 철학자인 쇼펜하우어는 동양의 철학에 깊이 매혹되었던 철학자이다. 그는 젊은 시절부터 동양 철학을 읽는 것에 집중했고 부처의 말들에서 인생의 해답을 찾을 수 있다고 말했다. 세계적인 배우 키아누 리브스 역시, 부처의 가르침을 되새기며 생활하는 것으로 유명하다. 부처의 말은 그가 커다란 시련에 직면할 때마다 큰 힘이 됐다. 12개의 주제로 묶인 190가지 부처의 말을 담은 이 책은 복잡한 세상살이에 지친 현대인을 위로하는 동시에 꼭 필요한 삶의 지혜를 전해 준다.",2500년 동안 사랑받은 초역 부처의 말,10%,"16,020원","17,800원",인문,https://contents.kyobobook.co.kr/sih/fit-in/458x0/pdt/9791193506516.jpg,9791193506516.jpg
https://product.kyobobook.co.kr/detail/S000215838626,이선 몰릭,"⟪듀얼 브레인⟫은 AI 시대를 살아가기 위해 꼭 읽어야 할 필독서다. 저자 이선 몰릭은 ⟨타임⟩에서 선정한 ‘인공지능 분야에서 가장 영향력 있는 인물’ 중 한 명이다. 여러 AI 기업에 자문을 제공하고, 와튼 스쿨에서 교육에 AI 활용을 접목하는 등 다양한 영역에서 영향력을 발휘하고 있다. 그런 저자가 생성형 AI를 둘러싼 모든 것에 관한 최고의 책을 집필했다. 이 책은 AI를 둘러싼 장밋빛 미래와 종말론의 소음을 뚫고, AI라는 동료와 함께 새로운 세상에 적응하는 방법이 무엇인지 알려 주는 실용적인 관점에서 접근한다. 챗GPT를 비롯한 LLM의 특징과 한계에 관해 명확히 알려 주고, AI를 실용적으로 활용하기 위한 원칙과 방법을 설명한다. 그리고 AI가 우리의 미래를 어떻게 바꿀 수 있을지, 그 가능성을 전문적인 시각에서 분석한다. “2025년은 AI에 결정적 한 해가 될 것이다.” 메타 CEO 마크 저커버그의 말대로 전 세계가 AI 전쟁에 돌입했다. 눈앞에 무한한 가능성과 기회의 시대가 열린 셈이다. AI를 제대로 활용할 줄 안다면 새로운 세상에서 누구보다 우위에 설 수 있을 것이다. 이 책에 주목한다면, 그 기회는 당신의 몫이 될 것이다.",듀얼 브레인,10%,"18,900원","21,000원",자기계발,https://contents.kyobobook.co.kr/sih/fit-in/458x0/pdt/9791194368175.jpg,9791194368175.jpg
https://product.kyobobook.co.kr/detail/S000215877577,프리드리히 니체,"『위버멘쉬』는 니체가 주장한 ‘초인(Übermensch)’의 철학을 현대적으로 풀어낸 책이다. 위버멘쉬란 기존의 도덕과 사회적 관습을 그대로 따르는 대신, 자신의 의지로 새로운 가치를 창조하며 스스로의 삶을 개척하는 존재를 의미한다. 그는 외부의 기준에 흔들리지 않고, 모든 고통과 시련을 넘어 더 높은 곳을 향해 나아간다. 이 책은 니체의 대표작인 『인간적인, 너무나 인간적인(Human, All Too Human)』을 기반으로, 현대를 살아가는 우리가 직면한 고민과 삶의 문제에 대한 통찰을 담았다. 단순한 철학적 개념이 아니라, 우리가 현실 속에서 어떻게 자기 자신을 극복하고 성장할 수 있는지를 조명한다.니체의 날카로운 사상을 현대적 언어로 재구성하여 누구나 직관적으로 이해하고 실천할 수 있도록 구성했다. 자기 극복, 인간관계, 감정 조절, 삶을 대하는 태도 등 현실적인 주제들을 깊이 있게 다루며, 독자들에게 스스로 질문하고 답을 찾아가는 과정의 중요성을 일깨운다.""나를 죽이지 못하는 고통은 나를 더 강하게 만든다.""이 문장을 가슴에 새기고, 세상이 아닌 나 자신을 위한 삶을 선택할 준비가 되었는가?『위버멘쉬』를 통해 자신을 뛰어넘는 길을 찾기를 희망한다.",위버멘쉬,10%,"16,020원","17,800원",인문,https://contents.kyobobook.co.kr/sih/fit-in/458x0/pdt/9791192372730.jpg,9791192372730.jpg
https://product.kyobobook.co.kr/detail/S000216249272,롭 다이얼,"현재 미국에서 가장 떠오르는 자기계발 멘토이자 동기부여 전문가인 롭 다이얼이 행동하기를 주저하는 이들의 문제점을 분석하고, 이를 타개할 실천적 방법을 제시하기 위해 ≪행동은 불안을 이긴다≫를 펴냈다. 출간 즉시 아마존 4개 분야의 1위를 달성하며 베스트셀러가 된 이 책은 토니 로빈스, 앤드류 후버만, 주언규PD, 드로우앤드류, 기록친구 리니 등 국내외 자기계발 리더들의 극찬을 받았으며, 의지박약과 만성적 미루기에서 벗어나는 하나의 해답, ‘아주 작은 행동 설계법’을 소개한다. 이 책은 아주 작은 행동 설계에 필요한 딱 두 가지의 핵심을 전한다. 존재하지 않는 공포와 불안에 속아 현실에 안주하는 마음을 버릴 것. 그리고 몸이 먼저 움직이는 행동 자동화 패턴을 익힐 것. 책에서 제시하는 방법들을 하나씩 완수하고, 몸으로 익힐 때 비로소 의지박약과 만성적 미루기에서 벗어나 행동하는 인생으로 나아갈 수 있을 것이다. 말만으로는 인생을 바꿀 수 없다. 귀찮음을 이기고 침대 밖으로 한 발을 내딛는 순간 하루가 저절로 시작되듯, 노트북의 전원 버튼을 켜는 순간 오늘의 할 일을 시작하듯, 책의 첫 번째 페이지를 넘기는 순간 독서를 시작하듯, 몸이 먼저 반응하는 1%의 행동 변화가 지금과는 다른 인생을 만들어낼 것이다. 저자가 몸소 증명해낸 ‘행동 자동화 패턴’을 통해 당신의 숨은 잠재력을 폭발시키고, 원하는 목표를 이루는 순간을 맞이하길 바란다.",행동은 불안을 이긴다,10%,"18,000원","20,000원",자기계발,https://contents.kyobobook.co.kr/sih/fit-in/458x0/pdt/9791193904152.jpg,9791193904152.jpg
https://product.kyobobook.co.kr/detail/S000000610612,한강,"2014년 만해문학상, 2017년 이탈리아 말라파르테 문학상을 수상하고 전세계 20여개국에 번역 출간되며 세계를 사로잡은 우리 시대의 소설 『소년이 온다』. 이 작품은 『채식주의자』로 인터내셔널 부커상을 수상한 한강 작가에게 “눈을 뗄 수 없는, 보편적이며 깊은 울림”(뉴욕타임즈), “역사와 인간의 본질을 다룬 충격적이고 도발적인 소설”(가디언), “한강을 뛰어넘은 한강의 소설”(문학평론가 신형철)이라는 찬사를 선사한 작품으로, 그간 많은 독자들에게 광주의 상처를 깨우치고 함께 아파하는 문학적인 헌사로 높은 관심과 찬사를 받아왔다. 『소년이 온다』는 ‘상처의 구조에 대한 투시와 천착의 서사’를 통해 한강만이 풀어낼 수 있는 방식으로 1980년 5월을 새롭게 조명하며, 무고한 영혼들의 말을 대신 전하는 듯한 진심 어린 문장들로 5·18 이후를 살고 있는 우리에게 묵직한 질문을 던진다. 이 작품은 가장 한국적인 서사로 세계를 사로잡은 한강 문학의 지향점을 보여준다. 인간의 잔혹함과 위대함을 동시에 증언하는 이 충일한 서사는 이렇듯 시공간의 한계를 넘어 인간 역사의 보편성을 보여주며 훼손되지 말아야 할 인간성을 절박하게 복원한다.",소년이 온다,10%,"13,500원","15,000원",소설,https://contents.kyobobook.co.kr/sih/fit-in/458x0/pdt/9788936434120.jpg,9788936434120.jpg
https://product.kyobobook.co.kr/detail/S000001808685,구병모,"한국 소설에 가장 강렬하게 새겨질 새로운 여성 서사를 탄생시킨 구병모 작가의 《파과》가 새 옷을 갈아입었다. 40여 년간 날카롭고 냉혹하게 청부 살인을 업으로 삼아온 60대 여성 킬러 ‘조각(爪角)’. 몸도 기억도 예전 같지 않게 삐걱거리기 시작하면서 이제는 퇴물 취급을 받는다. 노화와 쇠잔의 과정을 겪으며 조각은 새삼스레 ‘타인’의 눈 속에 둥지를 튼 공허를 발견하게 된다. 소멸의 한 지점을 향해 부지런히 허물어지고 있는 모든 것, 깨지고 상하고 뒤틀린 살아 있는 모든 것에 대해 연민을 느끼며, 조각의 마음속에 어느새 지키고 싶은 것들이 하나둘 생겨나기 시작한다. 《파과》는 짧은 시간 빛나다 사라질 살아 있는 모든 것들에 대한 뜨거운 찬사다.",파과,10%,"14,220원","15,800원",소설,https://contents.kyobobook.co.kr/sih/fit-in/458x0/pdt/9791162203620.jpg,9791162203620.jpg
https://product.kyobobook.co.kr/detail/S000216464186,유즈키 아사코,"살다 보면 억울한 순간이 있다. 다 알고도 넘어가야 했던 말, 애써 무시한 시선, 괜찮은 척했던 밤들…. 하지만 이 책을 다 읽고 나면, 이런 생각이 슬며시 고개를 든다. “이젠 참지 말까?” 올요미모노 신인상과 야마모토 슈고로상을 연달아 수상하고 새로운 작품이 나올 때마다 서점 대상과 나오키상 후보에 오르며 일본에서 가장 주목받는 여성 작가로 자리 잡은 유즈키 아사코. 그녀는 특히 여성들이 처한 사회 상황에 대한 날카로운 문제의식과 섬세한 심리 묘사가 주특기다. 유즈키 아사코의 신작 《미안한데, 널 위한 게 아니야》에서도 그녀의 장점은 빛을 발하며 많은 독자에게 공감과 지지를 끌어냈다. 이 책은 디지털 시대가 가져온 소통의 단절 속에서 ‘나답게 살아가는 법’을 깨닫게 된 사람들의 이야기 여섯 편을 모은 단편집이다. ‘진상’ 라멘 평론가를 상대로 한 SNS 복수극, 시골 소녀가 꿈꾸는 베이커리, 코로나 팬데믹 속에서 혼자 버텨야 했던 임산부, 공동 주택에서 아이를 키우는 여섯 여자의 반격 작전까지, 모두가 가슴속에 꾹꾹 눌러 참았던 말에서부터 시작된다. 그리고 놀랍게도, 그 복수는 통쾌하기보단 따뜻하고, 격렬하기보단 담담하며, 무겁기보단 감동적이고, 묘하게도 경쾌하다. 작가는 ‘복수’를 이야기하면서도 그것을 ‘스스로 존엄을 되찾는 과정’으로 그려낸다. 이런 이야기를 그녀가 누구보다 섬세하게 포착할 수 있었던 건, 사회 초년생 때 다양한 아르바이트와 계약직 생활로 버티며 현장에서 부딪히고 흔들리는 보통 사람들의 고충을 누구보다 가까이에서 지켜보았기 때문이다. 그리고 오랜 시간 여성들의 우정과 연대, 사회적 편견을 주제로 꾸준히 글을 써온 경험이 단단하면서도 따뜻한 시선을 만들어낸 덕분이다. 이 책에는 히어로가 등장하지 않는다. 거창한 동기도, 드라마틱한 구출도 없다. 그저 나를 나답게 지키기 위해 애쓰는 평범한 사람들의 작고 단단한 선택이 이어진다. 그래서 더 현실적이고, 더 조용히 마음을 흔든다. 제171회 나오키상 후보작에 오른 이 책은 우리 모두에게 다시 한번 묻는다. “내가 진짜 지키고 싶은 건 무엇일까?”","미안한데, 널 위한 게 아니야",10%,"16,020원","17,800원",소설,https://contents.kyobobook.co.kr/sih/fit-in/458x0/pdt/9791194655053.jpg,9791194655053.jpg
https://product.kyobobook.co.kr/detail/S000216513215,장성락(REDICE STUDIO),"최약체에서 최강 헌터로, 세상의 중심에 서다! 카카오페이지에서 연일 화제를 모으며, 폭발적 인기 속에 연재를 마친 장성락(REDICE STUDIO) 만화, 추공 원작, 현군 각색 『만화 나 혼자만 레벨업』 단행본 13권이 출간된다. 대망의 본편 완결이라는 점에서 더욱 뜻깊다. 『만화 나 혼자만 레벨업』은 글로벌 플랫폼 웹툰 연재로 세계 각국에 팬덤이 형성될 만큼 완성도와 재미, 콘텐츠로서의 저력을 입증한 작품이다. 또한 압도적인 인기에 힘입어 국내 단행본 출간 이전 독일, 프랑스 등지에 선수출되었으며, 뒤를 이어 세계 각국에서 수출 릴레이를 이어가는 중이다. 단행본은 본문 전면 재연출을 거쳐 넉넉한 판형으로 출간되어, 모바일 감상과는 또 다른 ‘나혼렙’ 액션신의 쾌감을 100% 만끽할 수 있다. 한 화 읽고 나면 정신을 차릴 수 없이 빠져드는 레이드 액션의 진수! 돈 없고, 빽 없고, 능력 없는 사상 최약체 E급 헌터, 성진우의 화려한 부활, 그리고 레벨업이 시작된다!",나 혼자만 레벨업 14,10%,"14,400원","16,000원",만화,https://contents.kyobobook.co.kr/sih/fit-in/458x0/pdt/9791173820113.jpg,9791173820113.jpg
https://product.kyobobook.co.kr/detail/S000216344843,김금희,"세심한 온정의 세계를 빚어내는 우리 시대의 작가 김금희의 신작 장편소설. 돈을 갚지 않고 사라진 선배 고수미의 고향 완주 마을을 찾은 성우 손열매는 그곳에서 합동 장의사 겸 매점을 운영하는 수미 어머니의 집에 머물게 된다. 오갈 데 없는 처지에 목소리에까지 이상이 생긴 열매는 수미 어머니의 매점을 지키며 각양각색의 동네 사람들을 만난다. 외계인 같은 수수께끼의 청년 ‘어저귀’ 강동경과 춤은 좋아하고 슬픈 이야기는 싫어하는 옆집 중학생 한양미, 시고르자브르종 개 샤넬과 함께 사는 배우 정애라 등 생생하고 개성 넘치는 인물들이 열매와 함께 여름 한 철 저마다의 완주를 이어 간다. 박정민 배우의 무제 출판사에서 펴내는 ‘듣는 소설’ 프로젝트의 첫 권인 이 소설은 시각 장애인을 위한 오디오북을 염두에 두고 쓰여 장편소설이면서도 대사와 지문이 살아 있는 독특한 글쓰기로 읽는 재미를 더한다. 웃음 속에 담긴 슬픔도 슬픔 속에 담긴 웃음도 모두 속 깊은 다정함으로 그려 내는 김금희 작가의 이번 이야기는 어느새 내려앉는 여름의 빛처럼 읽는 이들의 마음을 환히 비추며 “완전히 다른 방식으로 진실된 것”을 향해 우리를 끌어간다.","첫 여름, 완주",10%,"15,300원","17,000원",소설,https://contents.kyobobook.co.kr/sih/fit-in/458x0/pdt/9791197221989.jpg,9791197221989.jpg
https://product.kyobobook.co.kr/detail/S000001897782,존 스튜어트 밀,"하버드대, 옥스포드대, 서울대 선정 필독 고전 『자유론』은 오늘의 시대정신에 꼭 맞는 책이다! 존 스튜어트 밀의 대표작인 『자유론』은 출간 된 지 150년이 지났음에도 여전히 큰 사랑을 받는 책이다. 아니, 시간이 갈수록 더욱 큰 사랑을 받고, 이 책의 가치는 점점 더 빛을 발한다. 이 책은 시민과 국가의 관계, 즉 시민의 자유가 어디까지 보장되고, 국가의 간섭은 어디까지 미칠 수 있는지를 다루고 있다. 저자인 밀은 말한다. “개인의 자유는 자신의 사고와 말, 행위가 다른 사람들을 해치지 않는 모든 범위에서 절대적이다. 국가의 법률이나 일반적인 도덕적 판단은 개인의 자유를 제한해서는 안 된다.” 밀의 주장을 정리하면 이렇다. 시민으로서 개인은 무한한 자유를 갖는다. 단, 다른 사람들에게 해를 끼치지 않는 범위에서 말이다. 국가는 그러한 개인의 자유를 제한하면 안 된다. 다만 개인이 다른 사람에게 해를 끼칠 때는 국가가 개인의 자유에 간섭할 수 있다. 그리고 국가는 개인이나 단체의 활동과 능력을 촉구하는 역할을 해야 한다. 그러나 국가가 그 역할을 제대로 수행하지 않거나 국가가 지신의 목적을 위해 개인을 억압할 때에는 국가의 역할은 축소되고, 개인에 대한 국가의 간섭은 제한되어야 한다. 오늘 우리 사회에서는 개인의 자유와 자율에 대한 권리를 주장하는 목소리가 점점 커지고 있다. 그리고 개인의 자유에 대한 국가의 간섭과 억압을 점점 거부하고 있다. 『자유론』은 이러한 우리 상황에 굉장히 꼭 들어맞는 책이다. 이 책은 오늘 우리를 대신해서 국가를 향해 개인의 자유와 권리를 항변해 주기에 큰 사랑을 받을 수밖에 없다.",자유론(무삭제 완역본),10%,"7,920원","8,800원",인문,https://contents.kyobobook.co.kr/sih/fit-in/458x0/pdt/9791187142447.jpg,9791187142447.jpg
https://product.kyobobook.co.kr/detail/S000001020219,David Cho,1. 토익 기출 보카 30일 완성! 2. 주제별 연상암기로 쉽고 재미있게 단어 학습 3. 최신 기출 단어 및 출제포인트 수록 4. 목표 점수대별 필수 단어로 맞춤 학습 가능 5. 출제율 높은 핵심 단어만 골라 효율적으로 학습 6. 토익 신유형 대비 〈토익 필수 이디엄 표현〉 수록 7. 실전 감각을 키우는 토익 실전문제 13회분 제공(교재 3회+온라인 10회),해커스 토익 기출 VOCA(보카),10%,"11,610원","12,900원",외국어,https://contents.kyobobook.co.kr/sih/fit-in/458x0/pdt/9788965422785.jpg,9788965422785.jpg
https://product.kyobobook.co.kr/detail/S000001957187,김태완,"‘책문’이란 조선시대 고급공무원 선발 시험인 대과의 마지막 관문으로, 최종합격자 33명의 등수를 정하는 시험이다. 책문은 단순히 입신양명을 위한 통과의례가 아니라, 국가의 비전에 대해 왕과 젊은 인재들이 나눈 열정의 대화였다. 『책문』은 ‘책문’ 가운데에서 오늘날 사람들이 읽어도 의미가 있을 글 13편을 가려 뽑아서 엮은 책이다. 책에서는 법의 폐단을 고치는 방법에서부터 공약을 끝까지 지키는 정치에 대해서, 외교관의 자질과 올바른 교육 방향, 국가 위기 타개책에서 지도자의 리더십에 이르기까지 실로 작금의 한국 정치와 사회의 난맥상을 해결할 만한 효과 있고 유효적절한 대책들이 선비들의 대책을 통해 가감 없이 제시되고 있다. 각 편마다 왕의 물음(책문)과 선비들의 대답(대책), 역자의 해설(책문 속으로)로 구성하여, 딱딱한 보고서에서 흥미로운 역사인문교양서로 발전시켰다. 당시의 시대상황과 그 시대에 등장했던 인물들ㅡ조광조, 성삼문, 신숙주, 권벌 등의 대답을 살펴보면 책문을 통해 왕이 얻고자 한 인재들이 어떤 인물이었는지 알 수 있다. ▶ 이 책은 2004년에 출간된 《책문》(소나무)의 개정판입니다.",책문,10%,"19,800원","22,000원",역사/문화,https://contents.kyobobook.co.kr/sih/fit-in/458x0/pdt/9791195124480.jpg,9791195124480.jpg
https://product.kyobobook.co.kr/detail/S000000478177,존 윌리엄스,"1965년 미국에서 발표된 후 오랜 시간 독자들에게 잊혀졌던 작품이 유럽 출판계와 평론가, 독자들의 열렬한 반응을 이끌어내며 베스트셀러가 되었다. 50년의 시차를 뛰어넘어 미국과 유럽 그리고 전 세계의 마음을 사로잡은 작품, 『스토너』의 이야기다. 농부의 아들로 태어나 문학을 사랑했으며 묵묵히 자신의 길을 가고자 했던 윌리엄 스토너. 세상의 기준에서 실패자와 다른 없는 삶을 산 한 남자의 이야기가 발표된 지 50년이 지난 지금 다시 주목 받은 이유는 무엇일까. 농업을 배우기 위해 대학에 진학해 영문학개론 수업에서 접한 셰익스피어의 일흔세 번째 소네트를 접한 후 문학을 사랑하게 된 스토너는 고향에 돌아가는 대신 대학에 남아 영문학도의 길을 택한다. 사랑하는 여인과 결혼해 가정을 이루고 교수가 되지만 어느 순간 가족과 동료들로부터 고립되어 슬프고 쓸쓸한 삶을 살아간다. 세계대전과 대공황 속에서도 개인적인 불행과 사랑의 실패에 시달리면서도, 갑작스러운 병마와 싸우면서도 그는 일생을 바친 자신의 연구처럼 마지막까지 자기 자신으로 살고자 한다. 자신의 일생을 통해 무언가를 증명하려는 듯 말이다. 언뜻 초라한 실패담에 불과해 보이는 소박한 이야기이지만 작가 존 윌리엄스는 스토너의 삶을 조금 다르게 그려냈다. 특유의 집요하리만치 세밀한 서술로 이 특별할 것 없는 남자의 인생을 진실하고 강렬하게 묘사하며 독자들로 하여금 주인공 스토너에 깊이 공감하게 만들었다. 비록 저자가 그려낸 스토너의 삶은 쓸쓸했지만 우리는 누구나 철저히 혼자라는 인생의 진리를, 사는 모습은 달라도 우리는 누구나 스토너임을, 우리의 일생에 인생의 모든 빛나는 순간이 담겨 있을 수 있음을 깨닫게 해줬다. 바로 이것이 스토너의 삶에 귀 기울이는 이유이자 뜨거운 감동의 근원일 것이다.",스토너,10%,"15,120원","16,800원",소설,https://contents.kyobobook.co.kr/sih/fit-in/458x0/pdt/9788925554990.jpg,9788925554990.jpg
https://product.kyobobook.co.kr/detail/S000216345011,이재구,"이재구의『포기할 자유』는 3대에 걸친 한 가족의 몰락과 부흥하는 과정에서 인간의 욕망과 나약함 그리고 탐욕과 시기와 질투심이 삶을 어떻게 지배하는지 리얼하게 그리고 있다. 정미소 화재로 고향에서 쫓겨난 상준과 평산댁은 자식들을 잘 키워 환고향하겠다는 욕망으로 고달픈 삶을 지탱해 나간다. 끼니를 잇기 힘들지만 집안을 일으켜야 한다는 상준과 평산댁의 가르침으로 자식들은 의기투합하고 우애 있게 지낸다. 그러나 형편이 좋아지면 자신의 몫을 더 차지하려는 것은 인간의 속성이다. 소설 속에 등장하는 평산댁의 자식들도 예외일 수가 없다. 피보다 이념, 이념보다 돈을 좇는 형제들의 반목과 갈등을 통해서 치유 불가능한 환부를 드러내고 있다. 형제간의 시기와 질투는 이성을 마비시켰고, 거기에 돈까지 더해져서 형제들의 참혹한 전쟁이 시작된다. 이재구 작가의 첫 장편 소설 『포기할 자유』는 지배 이데올로기가 된 자본과 종교의 프리즘을 통해서 지속 가능한 희망이 있는지를 치열하게 묻는 현대인의 욕망 연구서이다.",포기할 자유,10%,"16,650원","18,500원",소설,https://contents.kyobobook.co.kr/sih/fit-in/458x0/pdt/9788957753354.jpg,9788957753354.jpg
https://product.kyobobook.co.kr/detail/S000216111714,성해나,"2024·2025 젊은작가상, 2024 이효석문학상 우수작품상 수상작 수록 작품마다 치밀한 취재와 정교한 구성을 바탕으로 한 개성적인 캐릭터와 강렬하고도 서늘한 서사로 평단과 독자의 주목을 고루 받으며 새로운 세대의 리얼리즘을 열어가고 있다 평가받는 작가 성해나가 두번째 소설집 『혼모노』를 선보인다. 성해나는 2024·2025 젊은작가상, 2024 이효석문학상 우수작품상, 2024 김만중문학상 신인상 등 다수의 문학상을 연달아 수상하고 온라인 서점 예스24가 선정한 ‘2024 한국문학의 미래가 될 젊은 작가’ 투표에서 1위로 선정되는 등 이미 그 화제성을 증명한 바 있다. 첫 소설집 『빛을 걷으면 빛』(문학동네 2022)에서 타인을 이해하려는 시도를 부드럽고 따스한 시선으로 담아내고, 첫 장편소설 『두고 온 여름』(창비 2023)에서 오해와 결별로 얼룩진 과거에 애틋한 인사를 건네고자 했던 그가 『혼모노』에 이르러 더욱 예리해진 문제의식과 흡인력 넘치는 서사를 통해 지역, 정치, 세대 등 우리를 가르는 다양한 경계를 들여다보며 세태의 풍경을 선명하게 묘파해낸다. 특히 이번 소설집에는 지난해 끊임없이 호명되며 문단을 휩쓸었다 해도 과언이 아닐 표제작 「혼모노」를 비롯해 작가에게 2년 연속 젊은작가상을 선사해준 「길티 클럽: 호랑이 만지기」, 이 계절의 소설과 올해의 문제소설에 선정된 「스무드」 등이 수록되어 더욱 눈길을 끈다. “작가의 ‘신명’이라 불”릴(추천사, 이기호) 만큼 “질투 나는 재능”(추천사, 박정민)으로 빛나는 『혼모노』, 그토록 기다려왔던 한국문학의 미래가 바로 지금 우리 앞에 도착해 있다.",혼모노,10%,"16,200원","18,000원",소설,https://contents.kyobobook.co.kr/sih/fit-in/458x0/pdt/9788936439743.jpg,9788936439743.jpg
https://product.kyobobook.co.kr/detail/S000211613549,ETS,"1. 실제 기출문제 전격 공개! 이 책에는 정기시험 최신 기출문제 10세트가 수록되어 있다. 시험에 나온 기출문제로 실전 감각을 키워 시험에 확실하게 대비하자! 2. 실제 정기시험 성우 음성으로 실전 대비! 이 책에 수록된 10세트의 LC 음원은 모두 정기시험 성우의 음원이다. 시험장에서 듣게 될 음성으로 공부하면 까다로운 영국식, 호주식 발음도 걱정 없다. 또한 강도 높은 학습을 위해 고속 버전과 소음 버전을 추가로 제공하며, YBM북스닷컴 출판 홈페이지 www.ybmbooks.com에서 무료로 다운로드 가능하다. 3 고난도 문항 무료 동영상 강의! 교재 내 QR코드는 해당 회차의 무료 동영상 강의로 연결된다. 오답률 높은 고난도 문항을 친절한 해설 강의와 함께 완벽 마스터하자! 4. 정확한 스크립트와 기출 포인트를 꿰뚫는 해설! 최신 출제경향을 가장 정확하게 알 수 있는 기출문제를 풀고 정확한 스크립트와 출제 포인트가 보이는 명쾌한 해설로 토익을 정복해 보자! 5. ETS가 제공하는 표준 점수환산표 출제기관 ETS의 최신 표준 점수환산표를 제공한다. 채점한 뒤 환산표를 통해 자신의 진짜 실력을 가늠해 보고 앞으로의 학습 방향을 설정해 보자! 6. ETS 토익 온라인/모바일 학습 지원! 온라인 학습 커뮤니티(www.etstoeicbook.co.kr)를 통해 교재 소개 및 학습 콘텐츠, 정기시험 대비특강을 지원한다. 또한 MP3 및 동영상 강의, 기출어휘 단어장, 기출테스트 채점/분석 등을 지원하는 토익 필수템 'ETS 토익기출 수험서 어플'로 보다 스마트하게 학습해 보자!",ETS 토익 정기시험 기출문제집 1000 Vol 4 LC(리스닝),10%,"17,820원","19,800원",외국어,https://contents.kyobobook.co.kr/sih/fit-in/458x0/pdt/9788917239492.jpg,9788917239492.jpg
https://product.kyobobook.co.kr/detail/S000200550189,정대건,"2020년 《한경신춘문예》에 장편소설 『GV 빌런 고태경』이 당선되어 작품 활동을 시작한 소설가 정대건의 두 번째 장편소설 『급류』가 오늘의 젊은 작가 시리즈 40번으로 출간되었다. 『급류』는 저수지와 계곡이 유명한 지방도시 ‘진평’을 배경으로, 열일곱 살 동갑내기인 ‘도담’과 ‘해솔’의 만남과 사랑을 그린 소설이다. 아빠와 함께 수영을 하러 갔던 도담이 한눈에 인상적인 남자아이 ‘해솔’이 물에 빠질 뻔한 것을 구하러 뛰어들며 둘의 인연은 시작된다. 운명적이고 낭만적으로 보이는 첫 만남 이후 둘은 모든 걸 이야기하고 비밀 없는 사이가 되지만, 그 첫사랑이 잔잔한 물처럼 평탄하지만은 않다. 모르는 사이에 디뎌 빠져나올 수 없이 빨려드는 와류처럼 둘의 관계는 우연한 사건으로 다른 국면을 맞이한다. 도담과 해솔의 관계가 연인으로 발전하던 어느 날, 해솔의 엄마와 도담의 아빠가 불륜 관계인 듯한 정황이 드러나고 이에 화가 난 도담은 그 둘이 은밀히 만나기로 한 날 밤 랜턴을 들고 그들의 뒤를 밟는다. 그리고 그곳에서 생각지도 못한 사고가 벌어진다. 그날 이후, 진평에서 오직 서로가 전부이던, 나누지 못할 비밀이 없던 도담과 해솔의 관계와 삶은 순식간에 바뀌어 버린다. 해솔의 엄마와 도담의 아빠는 어떤 관계였던 걸까? 그 날, 그 밤 도담과 해솔은 어떤 일을 겪게 된 걸까?",급류,10%,"12,600원","14,000원",소설,https://contents.kyobobook.co.kr/sih/fit-in/458x0/pdt/9788937473401.jpg,9788937473401.jpg
https://product.kyobobook.co.kr/detail/S000211613551,ETS,"1. 실제 기출문제 전격 공개! 이 책에는 정기시험 최신 기출문제 10세트가 수록되어 있다. 시험에 나온 최신 기출문제로 실전 감각을 키워 시험에 확실하게 대비하자! 2. 고난도 문항 무료 동영상 강의! 교재 내 QR코드는 해당 회차의 무료 동영상 강의로 연결된다. 오답률 높은 고난도 문항을 친절한 해설 강의와 함께 완벽 마스터하자! 3. 기출 포인트를 꿰뚫는 해설! 최신 출제경향을 가장 정확하게 알 수 있는 기출문제를 풀고 출제 포인트가 보이는 명쾌한 해설로 토익을 정복해 보자! 4 ETS가 제공하는 표준 점수환산표 출제기관 ETS의 최신 표준 점수환산표를 제공한다. 채점한 뒤 환산표를 통해 자신의 진짜 실력을 가늠해 보고 앞으로의 학습 방향을 설정해 보자! 5. ETS 토익 온라인/모바일 학습 지원! 온라인 학습 커뮤니티(www.etstoeicbook.co.kr)를 통해 교재 소개 및 학습 콘텐츠, 정기시험 대비특강을 지원한다. 또한 동영상 강의, 기출어휘 단어장, 기출테스트 채점/분석 등을 지원하는 토익 필수템 'ETS 토익기출 수험서 어플'로 보다 스마트하게 학습해 보자!",ETS 토익 정기시험 기출문제집 1000 Vol 4 RC(리딩),10%,"17,820원","19,800원",외국어,https://contents.kyobobook.co.kr/sih/fit-in/458x0/pdt/9788917239508.jpg,9788917239508.jpg
https://product.kyobobook.co.kr/detail/S000215767502,김종원,"오랜 시간 동안 필사를 강조한 120만 독자의 멘토 김종원 작가가 지난 40대를 돌아보며 ‘진정한 어른이 되기 위해서 무엇이 필요한가’에 대한 자신의 진솔한 생각을 단 한 권의 필사책으로 집필했다. 《어른의 품격을 채우는 100일 필사 노트》는 저자가 20년간 연구한 철학을 토대로, 저자의 경험에서 끌어올린 조언과 위로를 아낌없이 담았다. 이 책을 통해 독자는 인간관계, 처세술, 감정 관리 등 우리의 삶을 관통하는 지혜를 직접 필사하며 얻을 수 있으며, 10일 단위로 저자가 던지는 인생 질문을 통해 삶을 점검하고 방향성을 재정립할 수 있다. 김종원 작가는 내면을 들여다보기에 필사만큼 좋은 도구는 없다고 이야기한다. 필사는 타인의 글을 통해 자신의 삶과 감정을 돌아보도록 돕는 지적인 도구이기 때문이다. 이미 김종원 작가의 글로 하루하루를 필사로 채워온 120만 독자가 필사의 힘을 증명한다. 필사하는 삶은 반드시 달라진다. 오늘부터 중요하지 않은 것들에 인생을 소모하지 않도록, 나를 채우는 100일의 필사를 시작해 보자.",어른의 품격을 채우는 100일 필사 노트,10%,"18,000원","20,000원",자기계발,https://contents.kyobobook.co.kr/sih/fit-in/458x0/pdt/9791193842287.jpg,9791193842287.jpg
https://product.kyobobook.co.kr/detail/S000215008576,최태성,"오랜 연구와 검증으로 한국사에 기초가 전혀 없는 사람도 단기간에 한능검에 합격할 수 있는 최적의 구성을 완성하였습니다. 판서의 장인 큰별쌤 최태성이 핵심만을 모아 만든 아트 판서를 수록하고, 시험에 자주 등장하는 사료, 사진, 지도 등을 모아 해설하여 합격을 위한 필수 개념을 익히기 쉽게 하였습니다. 또한, 한능검 기출문제를 모두 분석한 후, 기출 선택지를 이용한 별 채우기 문제를 수록하여 자연스럽게 기출 선택지가 기억될 수 있도록 하였고, 반복적으로 출제되는 주제의 최신 기출문제를 꼼꼼하고 친절한 해설과 함께 담아 실전에 대비할 수 있도록 하였습니다. 여기에 한국사 연표와 지역의 역사를 담은 지도를 통해 한국사 흐름잡기가 더욱 쉬울 것입니다.","2025 큰별쌤 최태성의 별별한국사 한국사능력검정시험 심화(1, 2, 3급)(상)",10%,"14,850원","16,500원",인문,https://contents.kyobobook.co.kr/sih/fit-in/458x0/pdt/9791138928113.jpg,9791138928113.jpg
https://product.kyobobook.co.kr/detail/S000215008583,최태성,"오랜 연구와 검증으로 한국사에 기초가 전혀 없는 사람도 단기간에 한능검에 합격할 수 있는 최적의 구성을 완성하였습니다. 판서의 장인 큰별쌤 최태성이 핵심만을 모아 만든 아트 판서를 수록하고, 시험에 자주 등장하는 사료, 사진, 지도 등을 모아 해설하여 합격을 위한 필수 개념을 익히기 쉽게 하였습니다. 또한, 한능검 기출문제를 모두 분석한 후, 기출 선택지를 이용한 별 채우기 문제를 수록하여 자연스럽게 기출 선택지가 기억될 수 있도록 하였고, 반복적으로 출제되는 주제의 최신 기출문제를 꼼꼼하고 친절한 해설과 함께 담아 실전에 대비할 수 있도록 하였습니다. 여기에 한국사 연표와 지역의 역사를 담은 지도를 통해 한국사 흐름잡기가 더욱 쉬울 것입니다.","2025 큰별쌤 최태성의 별별한국사 한국사능력검정시험 심화(1,2,3급)(하)",10%,"14,400원","16,000원",인문,https://contents.kyobobook.co.kr/sih/fit-in/458x0/pdt/9791138928120.jpg,9791138928120.jpg
https://product.kyobobook.co.kr/detail/S000216468361,김찬희(김진짜),"*서울대 출신 90만 유튜버 김진짜의 첫 책 *유튜브 콘텐츠 기획, 제작 팁 수록 이 책은 구독자 수 90만 유튜버 김진짜의 좌절기이자 원하는 삶을 이루어 내기까지의 생각들을 담은 분투기이다. 수험생 시절 서울대 체육교육과 입시 실패, 영국에 가서 4부 리그 이상 축구팀의 코치가 되려 했으나 또 실패, 구독자 수 36만 유튜브 채널 삭제. 그럼에도 축구의 끈을 놓지 않은 이유는 과거 원치 않는 임용고시와 사업에 도전해 봤기 때문이다. ‘재미없는 일을 해서 성공하면 평생 그 일을 해야 한다.’ 그리고 지금, 김진짜는 구독자 수 90만의 축구 유튜버가 되었다. 한평생 사랑해 온 축구로 결국 지속 가능한 삶을 일구어 낸 것이다. 이 책에는 실패투성이 김진짜가 도전을 지속하게 해준 생각과 깨달음들을 담았다. 하고 싶은 일을 찾는 법부터 실패를 극복하는 법, 인간관계, 가족과 사랑, 진정한 행복은 무엇인가 하는 것까지. 애써 외면 중인 꿈이 있다면 진짜의 생각들을 들어보자. 생각을 조금만 바꾸어 보면 실패는 끝이 아니며, 삶 곳곳에 힌트가 숨어 있다는 사실을 깨닫게 될 것이다.",진짜의 마인드,10%,"16,650원","18,500원",자기계발,https://contents.kyobobook.co.kr/sih/fit-in/458x0/pdt/9791193650189.jpg,9791193650189.jpg
https://product.kyobobook.co.kr/detail/S000216290118,조셉킴,"열심히 살았을 뿐인데 덜컥 아픔이 찾아온 이들이 있다. 도대체 왜 이런 아픔이 찾아온 걸까? 《아프도록 수고한 당신에게 건강지속력》은 전 세계 수많은 사람들이 던져 온 이 질문에 대해 자기돌봄의학 전문가 조셉킴 박사가 환자 한 사람 한 사람에게 답해 온 이야기들을 모은 책이다. 누구나 아픔을 이겨 내고 건강을 지속시키는 ‘건강지속력’을 타고난다. 다만 이 힘은 매일 내 마음과 몸을 돌볼 때 발휘된다. 내가 아픈 건 아프도록 수고하며 살아온 나에게 보내는 몸의 신호다. 이제 자기돌봄을 통해 다시 건강지속력을 회복시키면 된다. 이 책은 실제 사례와 경험을 바탕으로 나의 아픔이 수고였음을 깨닫게 하고, 나와 내 삶을 건강하게 돌보는 방법을 알려 준다. 자기돌봄의학 창시자, 의사들의 교육자 조셉킴 박사와 함께, 지금 바로 실천에 옮길 수 있는 자기돌봄의 비법들을 챙겨 보자!",아프도록 수고한 당신에게 건강지속력,10%,"16,200원","18,000원",건강,https://contents.kyobobook.co.kr/sih/fit-in/458x0/pdt/9791163144069.jpg,9791163144069.jpg
https://product.kyobobook.co.kr/detail/S000216485879,박근호,"번아웃으로 갑자기 떠난 파리에서 발견한 뜻밖의 행복을 기록한 19편의 에세이. 〈비밀편지〉, 〈당신이라는 자랑〉으로 많은 사랑을 받아온 박근호 작가가 이번에는 조금 특별한 이야기를 가지고 돌아왔다. 〈사는 동안 틈틈이 행복합시다〉는 무작정 떠난 낯선 여행지에서 만난 작고 특별한 순간들을 통해 일상 속의 진정한 행복을 재발견하는 과정을 그려낸다. 이 책이 특이한 점은 여행 에세이지만 사진은 하나도 들어가 있지 않다는 것이다. 박근호 작가는 파리라는 장소보다는 그곳에서 재발견한 행복에 초점을 맞추기 위해 과감하게 사진을 넣지 않았다. 여행이 주는 묵직한 느낌을 그대로 선사하기 위해 글의 개수를 줄이고 글 한 편의 길이를 늘리는 방식을 택했다. 《사는 동안 틈틈이 행복합시다》는 행복이라는 추상적이고 어쩌면 뻔한 주제에 대해 다시 한번 생각해볼 수 있는 통찰을 제공한다. 나 자신을 사랑해야 한다, 인생을 즐겨야 한다, 행복해야 한다. 세상에는 수많은 격언이 있다. 하지만 그 격언을 진심으로 받아들이는 건 전혀 다른 일이다. 먹고 사는 게 바빠지면 나 자신은 언제나 가장 후순위가 되며 마음이 지치면 행복은커녕 쓰러지듯 잠들기 바쁘다. 이 책은 행복을 단지 막연한 목표로 설정하지 않고, 멀리 떠난 곳에서 다시 가까운 일상을 바라보며 평범한 하루 속에서 충분히 행복할 수 있다는 가능성을 제시한다. 〈사는 동안 틈틈이 행복합시다〉는 일상에서 쉽게 지나쳐 버렸던 순간들 무심히 놓쳤던 감정들이 사실 얼마나 큰 의미를 가지고 있었는지를 차분히 되짚어 준다. 독자들은 이 책을 통해 자신이 가진 삶의 소중한 부분들을 새삼 발견하게 된다. 지치고 힘든 날, 문득 삶이 무의미하게 느껴질 때 이 책을 펼쳐보자. 멀리 떠난 작가의 이야기가 가까운 내 삶에 작은 위로와 따뜻한 용기를 전해줄 것이다. 삶이 바쁘다고 행복을 자꾸 미루지 말자. 지금 내 곁에 머물러 있는 소박한 행복이야말로 삶을 가장 풍요롭게 만드는 힘이라는 것을 이 책을 통해 깨닫게 될 것이다.",사는 동안 틈틈이 행복합시다,10%,"16,020원","17,800원",시/에세이,https://contents.kyobobook.co.kr/sih/fit-in/458x0/pdt/9791192559070.jpg,9791192559070.jpg
https://product.kyobobook.co.kr/detail/S000216507425,황석희,"영화 〈데드풀〉, 〈콜 미 바이 유어 네임〉, 〈보헤미안 랩소디〉, 〈에브리씽 에브리웨어 올 앳 원스〉에는 공통점이 있다. 정답으로 ‘메가 히트작’을 떠올렸다면 그것도 맞다. 하지만 다른 하나가 더 있다. 바로, 이 영화들의 한국어 자막이 모두 같은 번역가의 손에서 탄생했다는 것이다. 예상했겠지만 바로 황석희 번역가다. 대중에게 친근하게 와 닿는 재기발랄한 번역으로 잘 알려진 그가 이번에는 영화가 아닌 현실 세계를 번역한다. 흔히 번역이라고 하면 영어에서 한국어, 한국어에서 프랑스어와 같이 서로 다른 언어들 사이의 번역만을 떠올리기 쉽다. 그럼 같은 한국어끼리는 어떨까. 오늘날 우리는 서로의 말을 문제없이 이해하며 소통하고 있을까. 황석희 번역가의 신간 《오역하는 말들》은 번역가의 시선에서 조금 더 예민하게 바라본 일과 일상 속 오역들에 대한 이야기다. 20년간 번역 일을 해 왔지만 “계속 나를 단속하지 않으면 별 생각 없이 번역체를 쓰고 넘어가 버린다.”라며 익숙한 문장 하나도 허투루 지나치지 않으려 애쓰는 그는 같은 시선으로 주변을 바라본다. “우리끼리는 좀 더 애정을 쏟아 서로의 원문을 살펴야 하지 않을까.” 하며 내 곁에 있는 가족과 소중한 사람들의 말에 귀 기울이고, “누굴 욕하든 궁지에 몰든 몰아붙이든 그 사람이 숨이라도 한번 크게 쉬도록 그의 남은 땅은 침범하지 말아야 한다.”며 언제부턴가 서로 지적하기에 급급한 사회를 유심히 들여다본다. 우리는 주변만 오역하는 게 아니다. 때로는 나의 진의조차 오역한다. 그래서 그는 세상에 치일 때일수록 자신의 여정을 오역하지 말라는 위로의 말도 잊지 않는다. 드라마 〈파친코〉, 영화 〈에브리씽 에브리웨어 올 앳 원스〉 등을 번역할 때의 비하인드는 번역에 관심 있거나 영화를 좋아하는 사람들에게 더욱 흥미로울 에피소드다. 일상에서 오가는 무수한 말들은 결국 각자의 언어로 번역된다. 하지만 “삶은 이토록 모순적이고 불가해하다. 감히 번역해 낼 수 없을 만큼”이라는 그의 고백에서 보듯 삶에서 마주하는 순간들은 때때로 그 어떤 난해한 대사보다 더 번역하기 어렵다. 자막이라는 한정된 글자 수 안에 원문의 의미를 해치지 않고 온전히 담아내는 일은 쉽지 않다. 바쁜 현대 사회에서 어쩌면 우리도 서로의 말을 한정된 용량 안에 너무 서둘러 담느라 오역하고 있는 건 아닐까. 책 속에 남긴 작가의 메시지처럼 이 책을 통해 “우리 모두 서로에게 조금 더 다정한 번역가”가 될 수 있길 바라본다.",오역하는 말들,10%,"15,120원","16,800원",시/에세이,https://contents.kyobobook.co.kr/sih/fit-in/458x0/pdt/9791170612599.jpg,9791170612599.jpg
https://product.kyobobook.co.kr/detail/S000214465905,유발 하라리,"글로벌 베스트셀러 《사피엔스》 《호모 데우스》 《21세기를 위한 21가지 제언》으로 우리 시대 가장 중요한 사상가의 반열에 오른 유발 하라리 교수가 압도적 통찰로 AI 혁명의 의미와 본질을 꿰뚫어 보고 인류에게 남은 기회를 냉철하게 성찰하는 신작으로 돌아왔다. 생태적 붕괴와 국제정치적 긴장에 이어 친구인지 적인지 모를 AI 혁명까지, 인간 본성의 어떤 부분이 우리를 자기 파괴의 길로 내모는 것일까? AI는 이전 정보 기술과 무엇이 다르고, 왜 위험할까? 멸종을 향해 달려가는 가장 영리한 동물, 우리 사피엔스는 생존과 번영의 길을 찾을 수 있을까? 상아탑 속 자신의 방에만 안주하지 않고 정치학, 종교학, 매체학, 진화생물학, 컴퓨터과학 등 다양한 학제 간 지식을 습득해온 하라리 교수의 독창적인 역사적 시각과 스토리텔링은 인류를 위한 중요한 선택의 순간에 빛을 발한다. 《사피엔스》 《호모 데우스》에서 펼쳤던 그의 논지가 ‘정보’를 중심으로 통합되어 더 정교하게 실체를 드러내는 《넥서스》에서 우리는 하라리 교수의 도저한 ‘현실주의’적 해법을 만난다. 비인간 지능이 우리의 존재를 위협하는 현재, 우리는 실수할 여유가 없다.",넥서스,10%,"25,020원","27,800원",인문,https://contents.kyobobook.co.kr/sih/fit-in/458x0/pdt/9791194330424.jpg,9791194330424.jpg
https://product.kyobobook.co.kr/detail/S000213913377,일홍,"10만 독자의 행복을 채집해 줄 일홍 작가의 응원 하루를 버텨 내는 긍정과 용기의 문장들 오늘 당신은 어떤 하루를 보냈을까. 계획했던 일이 틀어지지는 않았는지, 노력했던 일을 해내지 못하진 않았는지, 그런 스스로가 괜히 나약해 보이지는 않았는지. 어쩌다 했던 작은 실수가 눈앞에 어른거리기도 하겠다. 하루를 열심히 살아 내고 또 나아가고자 도전하는 당신에게 틀림없는 행복이 찾아올 거라 확신을 주는 『행복할 거야 이래도 되나 싶을 정도로』. 매일을 버텨 내고 있는 당신이 가슴 깊이 새겨 두면 좋을 글이 가득하다. 『그게 너였으면 좋겠다』, 『잘 살고 싶은 마음이 어렵게 느껴질 때』로 수많은 독자의 사랑을 받은 작가 일홍, 이번에는 일상 속에서 애쓰고 있는 당신의 낮과 밤에 행복을 불어넣어 주고자 펜을 들었다. 『행복할 거야 이래도 되나 싶을 정도로』는 당신에게 삶을 긍정하는 방법을 선명하게 열어 줄 안내서가 되어 줄 것이다. 삶의 어쩔 수 없는 좌절과 마음의 소란을 버텨 내는 노력이, 독자로 하여금 깊은 공감을 하게 만들고 그 공감은 나 홀로 힘든 게 아니라는 위안이 되어 줄 것이다. 더 나은 이가 되려 노력하는 당신의 곁에 행복이 항상 존재함을 깨달았으면 하는 마음이다. 이 도서의 한 페이지를 펼치면 지금보다 더 괜찮은 하루를 살아갈 수 있다는 단단한 믿음과 그 시간을 응원하는 글들이 반겨 줄 것이다. 감성적인 문장과 위로의 메시지에는 당신의 인생이 빛나고 있음을 확신하고 있다. 당신이 매시간 얼마나 힘쓰고 있는지 누구보다도 잘 안다고, 그러니 그 애씀의 끝에는 마침내 믿을 수 없을 만큼의 행복이 펼쳐질 거라고. 그렇게 다정하면서도 공감할 수 있는 문장들로 작가는 당신의 지친 마음을 보듬어 주고자 한다. 당신의 열정은 헛되지 않았다. 그 기간은 더욱 성숙한 당신으로 변화하기 위한 나날들이었다고. “행복은 고생 끝에 오는 게 아니라 처음부터 끝까지 언제나 존재하는 것.” 작가는 ‘지금 무엇이든 행복이라 느낄 수 있다면, 언제나 행복할 수 있다는 것을 명심하며 살아가려 한다.’라고 말한다. 당신도 다양한 곳에서 행복을 찾으면 매일이 안온할 테다. 그렇게 오늘 하루도 괜찮았다고, 이런 행복이 끝없이 이어질 거라 믿기를. 행복을 찾지 못하고 애꿎은 곳만 두리번거리는 이의 손바닥 위에 『행복할 거야 이래도 되나 싶을 정도로』는 굳은 응원을 건네주고자 한다. 부단히 걸어온 길 위에서 반짝이는 행복을 건져 주는 유일한 도서, 『행복할 거야 이래도 되나 싶을 정도로』.",행복할 거야 이래도 되나 싶을 정도로,10%,"16,200원","18,000원",시/에세이,https://contents.kyobobook.co.kr/sih/fit-in/458x0/pdt/9791162145043.jpg,9791162145043.jpg
https://product.kyobobook.co.kr/detail/S000001897788,데일 카네기,"사람을 다루는 핵심 원리는 무엇일까? 어떻게 하면 호감 가는 사람이 될 수 있을까? 원하는 것을 얻어내는 가장 효과적인 방법은 무엇일까? 인간관계는 친구를 만들고 적을 만들지 않는 것에서 시작된다. 『데일 카네기 인간관계론』은 이런 인간관계의 핵심을 꿰뚫는다. “친구를 만들고, 사람을 설득하는 법”이라는 제목으로 1936년 출간된 데일 카네기의 책은 세기가 바뀐 지금까지도 전 세계 수많은 사람에게 영향을 끼치고 있다. 이후에 나온 모든 자기계발서가 이 책의 영향을 받았다고 해도 과언이 아니다. 세계적인 투자자 워런 버핏의 인생을 바꾼 책이자, 누구나 꼭 읽어야 할 필독서이기도 하다. 『데일 카네기 인간관계론』은 가장 단순하고 실용적인 원칙들로 복잡한 인간관계에 대한 우리의 고민을 명쾌하게 해결해준다. 이 책은 1936년 출간된 초판을 완역해 원전의 맛을 살렸다. 데일 카네기가 그 당시 무엇을 보고 어떤 생각을 하며 이 책을 썼는지 이해할 수 있게 된 셈이다. 카네기의 생생한 말과 함께 시대를 초월하고 지역을 뛰어넘은 세계적인 베스트셀러를 만나보자.",데일 카네기 인간관계론(50만부 돌파 초판 무삭제 완역본),10%,"10,350원","11,500원",자기계발,https://contents.kyobobook.co.kr/sih/fit-in/458x0/pdt/9791187142560.jpg,9791187142560.jpg
https://product.kyobobook.co.kr/detail/S000212773396,프리드리히 니체,"역사상 가장 위대한 철학자 중 하나로 꼽히는 프리드리히 니체의 글 가운데, 엄선하고 또 엄선한 66편의 명언을 담은 책이다.",니체 인생수업: 니체가 세상에 남긴 66가지 인생지혜(리커버 에디션),10%,"15,750원","17,500원",인문,https://contents.kyobobook.co.kr/sih/fit-in/458x0/pdt/9791193282069.jpg,9791193282069.jpg
https://product.kyobobook.co.kr/detail/S000211739689,최태성,"〈시대별 기출문제집 심화〉는 〈기출 500제 심화〉와 함께 여러분의 합격을 도울 또 하나의 기출문제집입니다. 큰별쌤이 엄선한 기출문제 738문항을 시대순, 주제별로 구성하였고, 기출 선택지를 자연스럽게 익힐 수 있도록 기출 선택지만 따로 모아 문제를 만들었습니다. 큰별쌤의 한능검 심화 교재인 〈심화 상〉, 〈심화 하〉와 함께 사용하면 더욱 좋습니다. * 제시된 이미지는 책의 뒷표지입니다. 〈2024.2025 큰별쌤 최태성의 별별한국사 시대별 기출문제집 한국사능력검정시험 심화〉의 앞표지는 사랑의 열매-할렐루야 보호 작업장 차량 지원을 함께 해주신 최태성 1, 2TV 별님들로 구성되었습니다.",2024·2025 큰별쌤 최태성의 별별한국사 시대별 기출문제집 한국사능력검정시험 심화(1·2·3급),10%,"17,550원","19,500원",인문,https://contents.kyobobook.co.kr/sih/fit-in/458x0/pdt/9791138920025.jpg,9791138920025.jpg
https://product.kyobobook.co.kr/detail/S000216507627,김채환,"『대한민국 체제전쟁 - 우상과 이성』은 윤석열 대통령이 직접 추천사에서 밝힌 대로, “2030 청년들과 자유를 소중히 여기는 국민들에게 나침반이자 지침서” 라고 표현하며, 대한민국의 미래를 지키는 이정표로서 이 책의 가치를 높이 평가했다. 이 책은 지금 대한민국이 어디에 서 있으며, 어떤 방향으로 가야 하는지를 정면으로 묻는다. 자유와 전체주의, 이성과 선동, 진실과 가면의 경계 위에 선 대한민국은 ‘정치의 전쟁’을 넘어 ‘체제의 전쟁’ 한복판에 들어와 있다. ‘우상’은 선동과 왜곡으로 포장된 허위의 권력이자, 진보를 가장한 권력욕의 허상이다. ‘이성’은 우리가 되찾아야 할 질서이고, 책임 있는 자유이고, 진실을 향한 용기의 이름이다. 저자 김채환은 제32대 국가공무원인재개발원장을 역임하며 대한민국 전 부처 공무원과 군 국립외교원의 예비외교관들, 장성급 지휘관들에게 국가관·역사관·안보관을 직접 강의해온 실천적 교육자다. 그의 통찰은 강단과 현장을 넘나들며 다져진 것으로, 이 책에서는 추상적 철학이 아닌, 체제 수호의 최전선에서 마주한 현실의 언어로 자유우파의 길을 제시한다. 『대한민국 체제전쟁 - 우상과 이성』은 다음과 같은 핵심 물음에 철학적이고 전략적인 답을 내놓는다:왜 보수는 나라를 살리고, 좌파는 나라를 망가뜨리는가: 역사의 결정적 순간마다 대한민국을 일으킨 것은 늘 자유우파 보수였다. 전쟁과 폐허 속에서도 체제를 지켜낸 보수는 책임의 철학 위에서 경제를 성장시키고, 동맹을 구축하며, 자유를 실천해 왔다. 반면 좌파는 그럴듯한 수사로 민중을 선동하고, ‘정의’와 ‘평화’라는 미명 아래 체제 자체를 흔들며 공동체를 분열시켜 왔다. 진보좌파가 두려워하는 것이 무엇인가: 진보는 자신들이 말해온 ‘정의’와 ‘평등’의 허위가 드러나는 순간을 가장 두려워한다. 이 책은 그들이 도덕을 가장한 권력욕과 이념 편향의 실체를 어떻게 감추어 왔는지를 날카롭게 밝혀내고 있다. 자유를 잃은 평등은 정의가 아니다: 평등을 외치며 국민의 삶을 통제하고 자유를 억압해온 좌파 권력의 본질을 폭로한다. 정의라는 허울 뒤에 숨어 사유재산을 부정하고 법치를 무너뜨리며, 전체주의적 통제 사회로 이끄는 이념의 위험을 철학적으로 분석한다. 보수는 왜 무너졌는가, 그리고 어떻게 다시 일어날 것인가: 윤석열 정부를 계기로 깨어난 국민들과 함께 보수가 다시 책임을 짊어지고 전진해야 하는 이유를 치열하게 설득한다. 한미동맹과 자유세계, 그리고 중국의 침투에 맞서야 할 전략: 정치·경제·언론까지 깊숙이 침투한 중국의 영향력 아래 흔들리는 대한민국의 현실을 고발한다. 이 책은 한미동맹과 자유세계와의 연대를 통해만이 우리 주권과 자유, 번영을 지킬 수 있음을 분명히 제시한다. 사법카르텔과 좌파 언론의 장악 구조: 법과 언론이 중립의 탈을 쓰고 어떻게 자유민주주의를 붕괴시켜 왔는지를 고발하고, 이를 어떻게 바로잡을 수 있을지를 제안한다. 이 책은 특히 2030세대에게 강력하게 호소한다. 자유와 책임의 참된 의미, 공정한 기회의 사회란 무엇인지, 보수가 결코 낡은 기득권이 아니라 국가의 근간을 지키는 사명의 철학임을 감동과 논리로 일깨운다. 윤석열 대통령의 탄핵 이후 한국 사회는 체제의 본질을 다시 자각하게 되었고, 이 책은 그 깨달음을 담아 ‘대한민국이 어떤 길을 가야 하는가’라는 질문에 하나의 응답을 내놓는다. 좌우의 프레임을 넘어, 자유와 진실의 편에 서고자 하는 모든 국민을 위한 책, 그것이 『대한민국 체제전쟁 - 우상과 이성』이다.",대한민국 체제전쟁 우상과 이성,10%,"18,900원","21,000원",정치/사회,https://contents.kyobobook.co.kr/sih/fit-in/458x0/pdt/9791199229709.jpg,9791199229709.jpg
https://product.kyobobook.co.kr/detail/S000216176410,백온유 외,"한국문학의 새로운 미래를 함께하고자 2010년 제정된 젊은작가상이 올해로 어느덧 16회를 맞이했다. 데뷔 십 년 이내의 젊은 작가들이 한 해 동안 발표한 소설 가운데, 지금 여기에서 창발하는 문제의식을 가장 예리한 시선으로 포착해낸 작품에 주목하고자 마련된 젊은작가상은 지난해까지 모두 66명에 이르는 새로운 얼굴을 소개하며 한국문학에 생기를 더했다. 올해 젊은작가상에 이름을 올린 수상 작가는 백온유 강보라 서장원 성해나 성혜령 이희주 현호정이다. 이 상의 수상자로는 처음 이름을 올린 백온유 강보라 서장원 이희주 네 명의 등장이 반갑고, 특히 젊은작가상 첫 수상을 대상으로 장식한 백온유의 성취가 뜻깊다. 2023년 수상자인 성혜령 현호정, 2024년 수상자인 성해나의 재등장은 현재 한국문학을 이끌어가는 주역이 누구인지를 가늠케 해준다. 끓고 끓다가 마침내 비등점에 도달한 듯 폭발적인 에너지를 쏟아내는 작품들, 삶을 돌아보게 하고 문학의 존재 가치를 실감하게 이끌어줄 일곱 편의 소설이 우리 앞에 찾아왔다. * 젊은작가상 수상자들에게는 상금 각 700만원과 트로피가 수여되며, 수상작품집의 인세(10%)가 상금을 상회할 경우 초과분에 대한 인세를 수상자 모두에게 똑같이 나누어 지급한다. 수상작품집은 젊은 작가들을 널리 알리자는 상의 취지에 따라 출간 후 1년 동안은 특별보급가로 판매한다.",제16회 젊은작가상 수상작품집(2025),10%,"6,930원","7,700원",소설,https://contents.kyobobook.co.kr/sih/fit-in/458x0/pdt/9791141602024.jpg,9791141602024.jpg
https://product.kyobobook.co.kr/detail/S000216104920,김지훈(포메뽀꼬),"“나는 이 투자법으로 은퇴 준비를 끝내고 두 달에 한 번 해외여행을 다니는 삶에 도달했다!” ‘단 3개의 미국 ETF’로 5년 만에 자산 성장 400% 경제적 자유를 꿈꾸는 직장인을 위한 ETF 투자의 정석! 평범한 직장인 투자자이자 네이버 경제 전문 블로거로서, 유튜브 ‘싱글파이어’에 출연해 최단기간에 조회 수 250만 회를 돌파한 화제의 슈퍼개미 ‘포메뽀꼬’의 첫 책이 드디어 출간되었다. 직장 생활 틈틈이 주식을 공부하기 시작해 자산 0원에서 34억 원, 거기에 매월 400만 원의 마르지 않는 현금흐름까지 완성한 그의 투자 비결을 한 권에 담았다. 그는 복잡하고 시간이 많이 드는 투자법은 직장인에게는 맞지 않다고 말하며, “게으르게 투자하고 확실하게 부자 되는 방법”을 설명한다. 그가 찾아낸 정답은 ‘단 3개의 미국 ETF 투자법’이다. S&P500 ETF로 미국 경제 성장에 따른 꾸준한 자산 증가를 추구하며, 기술주 중심의 QQQ로 추가적인 고성장을 노리고, 여기에 SCHD를 더해 안정적인 배당 수익을 확보해두는 전략이다. 이렇게 단 3개의 ETF로 각 투자의 단점을 보완하고 장점을 극대화하는 방식을 통해 저자는 불과 5년 만에 자산을 400% 성장시키고 은퇴 준비까지 끝낼 수 있었다. 이 책은 저자가 그간 치밀하게 설계하고 검증한 바로 이 투자법의 모든 것을 담았다. 부족한 시드머니를 마련하는 방법부터 시작해, 현재 소득과 형편에 따라 최적의 투자 비중을 배분하는 노하우, 수익을 더욱 극대화하는 재투자법과 레버리지 투자법, 연금저축계좌와 IRP계좌 100% 활용법, 놓치기 쉬운 절세 방법까지 미국 ETF 투자의 전 과정을 가이드하는 가장 완벽한 투자 로드맵이다. 이 책과 함께 단 3개의 미국 ETF를 시작하는 것만으로 ‘원하는 삶을 앞당기는 돈 자동 사냥 시스템’을 갖추게 될 것이다.",단 3개의 미국 ETF로 은퇴하라,10%,"17,820원","19,800원",경제/경영,https://contents.kyobobook.co.kr/sih/fit-in/458x0/pdt/9788901294179.jpg,9788901294179.jpg
https://product.kyobobook.co.kr/detail/S000215152112,김종원,"★★★★★ 120만 독자의 ‘인문학 멘토’이자 16년간 탐구한 ‘괴테 사색가’의 인생 역작 20여 년간 100권을 훌쩍 뛰어넘는 책을 집필, 120만 독자로부터 큰 사랑을 받고 있는 김종원 작가는 청년 시절부터 독일의 대문호 괴테를 애정하고 존경해왔고 무려 16년 동안 괴테의 책을 수백, 수천 번 탐독하며 성장해온 인문학 전문가다. 『살아갈 날들을 위한 괴테의 시』는 그런 그가, ‘더 잘 살고 싶다’는 조바심과 불안으로 힘겨운 오늘을 사는 이들에게 전해주는 뭉클한 괴테의 조언이자 응원가와도 같은 책이다. 저자는 괴테가 남긴 방대한 시들 가운데서 옥석을 가려내듯 가장 아름답고 마음을 울리는 작품들을 다정한 시선과 섬세한 통찰로 문장을 고르고 엮고 또 보태어 그 어떤 위로보다 찬란한 공감과 울림의 순간들을 페이지 곳곳에 담아냈다. 태도, 관계, 지성, 기품, 사색을 주제로 엄선한 괴테의 시 77편과 함께 곱씹을수록 진한 울림을 주는 김종원 작가의 글, 그리고 깊은 여운을 주는 감성 일러스트까지 더해져 차분히 책장을 넘기다 보면 지금껏 헤매왔던 힘들었던 순간들을 훌훌 털어낼 희망이 차오를 것이다. 멈춰 서 있던 나를 다시 뚜벅뚜벅 나아가게 만드는 용기와 지혜를 선물해주는 책이다.",살아갈 날들을 위한 괴테의 시,10%,"17,100원","19,000원",자기계발,https://contents.kyobobook.co.kr/sih/fit-in/458x0/pdt/9791199040311.jpg,9791199040311.jpg
https://product.kyobobook.co.kr/detail/S000214377461,벤저민 하디,2023년과 2024년 상반기에 연이어 종합 베스트셀러에 선정된 《퓨처 셀프》가 국내 30만 부 판매를 기념하여 스페셜 에디션으로 출간됐다. 스페셜 에디션에는 저자 벤저민 하디가 전하는 한국어판 특별 서문과 줌 라이브를 통해 한국 독자들과 만나 나눈 생생한 이야기를 담았다. 이 책이 출간된 이후 ‘퓨처 셀프’는 많은 사람의 삶을 변화시킨 강력한 단어가 되었다. 이제 우리는 ‘미래에 내가 되고 싶은 모습’을 한 단어로 ‘퓨처 셀프’라고 말한다. 이 책은 단순히 ‘퓨처 셀프’를 생각에서 그치지 않고 행동하게 만드는 구체적인 방법을 제시한다는 점에서 당신의 삶을 변화시키는 데 최고의 안내자 역할을 할 것이다.,퓨처 셀프 30만 부 기념 스페셜 에디션,10%,"19,800원","22,000원",자기계발,https://contents.kyobobook.co.kr/sih/fit-in/458x0/pdt/9791198854315.jpg,9791198854315.jpg
https://product.kyobobook.co.kr/detail/S000213691392,해커스 공무원시험연구소,"1. 방대한 공무원 영문법, 핵심에 집중하여 빠르게 정리! 2. 다양한 학습 요소들을 통한 효과적 학습! 3. 셀프 점검과 취약점 보완을 가능하게 해주는 포인트별 퀴즈 4. 손쉬운 복습과 암기를 가능하게 하는 [핵심문법 빈칸노트]",2025 해커스공무원 영문법 합격생 필기노트,10%,"10,710원","11,900원",취업/수험서,https://contents.kyobobook.co.kr/sih/fit-in/458x0/pdt/9791172442071.jpg,9791172442071.jpg
